variant,score
D2A,-1.058671338
D2C,-2.058584523
D2E,-0.922382576
D2F,-0.7810755770000001
D2G,-0.95168569
D2H,-1.40467816
D2I,-1.881063124
D2K,-1.3592142880000002
D2L,-2.04888617
D2M,-1.052296267
D2N,-0.4514688120000001
D2P,-2.693457847
D2Q,-0.5093596539999999
D2R,-1.106645228
D2S,-1.557114394
D2T,-1.67911588
D2V,-1.208551737
D2W,-2.022952112
D2Y,-1.285201359
E3A,-0.410777408
E3C,-0.432491968
E3D,-0.8210010059999999
E3G,-0.170815778
E3K,-0.21981132
E3L,0.7216369659999999
E3P,-0.09568434
E3Q,-2.079918689
E3R,-2.642616394
E3V,-0.140679585
E3W,-1.07161077
E4A,-2.306021924
E4C,0.431723324
E4D,-0.279814036
E4F,0.391464694
E4G,-0.371291689
E4K,-1.327004291
E4L,-1.136202732
E4Q,0.20138995
E4V,-0.092808938
E4Y,0.461430581
Y5C,-1.873622622
Y5H,-2.173206649
Y5I,0.108234537
Y5K,-0.261423857
Y5R,-0.665773803
Y5S,-3.19352159
Y5T,-1.163816774
D6A,-1.024155255
D6C,0.431723324
D6E,-0.919366219
D6F,-1.722178871
D6G,-1.772372475
D6H,-2.478220958
D6I,-1.30055037
D6K,-1.30055037
D6M,-1.798448646
D6N,-1.404181558
D6P,-3.133238967
D6R,-2.404674706
D6S,0.7216369659999999
D6V,-1.952628868
D6Y,-2.658869669
V7A,-0.295594487
V7D,-2.4705843780000003
V7E,-0.60594429
V7G,-1.6884991719999998
V7L,0.03606932
V7M,-0.672568188
V7S,0.431723324
I8A,-0.396901084
I8C,0.021698036
I8G,-2.131220358
I8K,-2.290878573
I8L,-1.003061244
I8N,-0.807903554
I8R,-1.504420051
I8S,-1.695995375
I8T,-1.6464776230000002
I8V,-0.309180246
I8Y,-0.05224009
V9A,-0.8986788529999999
V9D,-1.6725983480000002
V9E,-3.20991104
V9F,-0.181679104
V9G,-1.975435733
V9I,-2.267002851
V9K,0.7216369659999999
V9L,-0.231627074
V9M,-0.367749506
V9S,-1.951103809
V9T,-1.316603901
V9W,-0.706908168
L10A,-1.327662186
L10D,-1.446338417
L10E,-2.177357451
L10F,0.028489784
L10M,-2.134032351
L10P,-2.003649971
L10Q,-1.232524755
L10R,-1.636196761
L10T,0.028489784
L10V,0.074587167
G11A,-0.996155754
G11C,-1.201264825
G11D,0.028489784
G11E,-2.155404785
G11L,-1.316603901
G11M,0.028489784
G11R,-1.91472296
G11S,-0.954571037
G11T,-2.151892286
G11V,-2.332022201
G11W,-2.445595312
T12A,-0.524328909
T12D,0.7216369659999999
T12G,0.431723324
T12I,-2.234246762
T12N,-4.242694942
T12P,-1.822362651
T12S,-0.419770207
T12V,-0.703443597
G13A,-1.050812019
G13C,-1.513396526
G13D,-1.878854465
G13N,0.7216369659999999
G13R,-2.153202653
G13S,-0.798514191
G13V,-2.677500045
G13W,0.028489784
G13Y,-1.937666297
L14A,0.7216369659999999
L14F,-1.52116025
L14H,-2.639796318
L14I,-3.855296102
L14K,-2.202367196
L14M,-0.6646573960000001
L14N,-1.56535197
L14P,-2.038425166
L14Q,-0.483229064
L14R,-1.893771445
L14S,0.431723324
L14T,-2.419557214
T15A,-0.148592708
T15D,-2.567611142
T15E,-0.584916926
T15F,0.920193752
T15G,-1.463854877
T15H,0.5640783429999999
T15I,0.097336916
T15K,-0.852571539
T15L,-1.332427667
T15M,0.137506818
T15N,-1.4725300680000002
T15P,-3.824772058
T15Q,-2.4709232880000003
T15R,-0.221591739
T15S,0.535512875
T15V,-1.133735861
T15W,-0.820083868
T15Y,0.7216369659999999
E16A,-0.335334815
E16C,-1.796493995
E16D,-1.75989792
E16F,-1.99563182
E16G,-0.951989919
E16H,-1.656140194
E16I,-0.952897828
E16K,-2.56537122
E16L,-1.059705158
E16M,-1.293861628
E16N,-1.856842924
E16Q,-0.243986353
E16R,-1.99032212
E16S,-1.3854028
E16T,-2.330552354
E16V,-2.895290353
E16W,-1.801650269
E16Y,-2.113225218
C17D,-0.784424294
C17E,-2.165406825
C17F,-3.247629443
C17H,-1.191454558
C17I,-0.677463122
C17L,-1.472358743
C17P,-2.34860051
C17Q,-0.026283849
C17R,-2.329184499
C17S,-1.12432372
C17T,-1.140981141
C17V,-2.776533415
C17W,-1.6102927619999998
C17Y,-1.932397046
I18C,0.071227573
I18F,-0.5682555020000001
I18G,-1.888932075
I18H,-1.013226887
I18L,0.297096332
I18N,-2.176846512
I18R,0.7216369659999999
I18S,-0.394384422
I18T,-0.399018396
I18V,-0.274948901
I18Y,-2.440715545
L19F,0.7216369659999999
L19I,0.7216369659999999
L19M,-3.878979028
L19P,-1.909903273
L19Q,-0.7901057770000001
L19R,-1.961749827
L19V,-1.04998573
S20A,-0.041366484
S20C,0.7216369659999999
S20E,0.7216369659999999
S20F,-0.7058367759999999
S20I,-2.080628312
S20L,-2.160966696
S20M,-0.483229064
S20P,-2.030174837
S20Q,-2.409698165
S20R,-4.37361909
S20T,-0.908605799
S20W,-0.943793293
S20Y,0.113877709
G21A,-0.605217935
G21C,-0.271240379
G21D,-0.7869863359999999
G21E,0.431723324
G21F,0.028489784
G21H,0.431723324
G21I,0.7216369659999999
G21L,0.028489784
G21R,-1.310043894
G21S,-0.451398758
G21V,-0.759076195
G21Y,0.113877709
I22A,-0.762413075
I22F,0.529725253
I22G,0.7216369659999999
I22L,-2.471799982
I22M,-0.409088016
I22N,-2.8147887060000003
I22S,-5.48369758
I22T,-0.317959514
I22V,-0.558099957
M23I,-0.296844802
M23L,0.237489455
M23R,-1.738572964
M23T,-0.674908638
M23V,-0.51841649
S24A,-1.502257166
S24D,-0.126936688
S24E,-1.770888753
S24F,-1.902039882
S24H,0.431723324
S24K,0.431723324
S24N,-1.043942678
S24P,-1.819828535
S24R,0.7216369659999999
S24T,-0.6238454999999999
S24Y,-4.381765922
V25A,-0.149261806
V25C,-1.309423477
V25E,0.198843426
V25F,0.54248078
V25G,0.120144325
V25I,-0.385597981
V25L,-0.2821224
V25M,-0.535724477
V25Q,-0.010134024
V25R,-0.592963004
V25S,-1.013760725
V25T,-1.014014861
V25W,-0.455667495
N26D,-0.505116041
N26E,0.028489784
N26F,0.566210494
N26G,-1.917653924
N26H,0.28289357
N26I,0.171114787
N26K,-0.987433028
N26L,-0.969772321
N26M,-1.320310597
N26P,-1.65959344
N26Q,-0.483229064
N26R,-1.634703842
N26S,-0.328820976
N26T,-0.8287599720000001
N26W,-0.432922091
N26Y,0.16661936
G27A,-1.062989187
G27C,-0.09568434
G27E,-0.684932037
G27L,-0.261423857
G27R,-0.7602619279999999
G27S,0.209918116
G27T,0.7216369659999999
G27V,-1.449867918
G27W,-1.7956998380000002
K28D,0.566210494
K28E,-0.713600459
K28G,-0.251110812
K28M,0.157178144
K28N,-0.583629038
K28P,-0.431512763
K28Q,0.522324539
K28R,-0.232312339
K28T,-0.181599463
K28V,0.431723324
K28W,0.7216369659999999
K29D,0.431723324
K29E,-1.363562029
K29G,-1.766229588
K29M,-1.901860649
K29N,-0.475913022
K29Q,-2.809754644
K29R,-0.321305484
K29S,-0.126936688
V30A,-1.566114604
V30E,-3.385542064
V30F,0.431723324
V30G,-1.4583589730000002
V30I,0.431723324
V30L,-0.9726907
V30M,-1.634955278
V30P,-1.396590777
V30S,-2.066163545
L31A,-0.327390306
L31C,-1.248634614
L31F,-1.465669924
L31I,-1.480330406
L31K,-1.207703154
L31M,-4.296706658
L31P,-2.03855277
L31R,-4.290435381
L31S,-0.888694173
L31T,0.209918116
L31V,-1.992157807
H32D,0.59477447
H32E,0.7216369659999999
H32I,0.028489784
H32K,-1.441359864
H32L,-2.51499119
H32M,-1.42298131
H32N,-5.061547698
H32P,-1.427761325
H32Q,-1.466633027
H32R,-1.993766196
H32S,-1.042462139
H32Y,-2.096458994
M33C,0.028489784
M33D,-0.19643942
M33G,-1.867390672
M33I,-0.500416867
M33K,-0.314098636
M33L,0.063081739
M33N,0.7216369659999999
M33P,0.028489784
M33R,-1.219087103
M33S,0.7216369659999999
M33T,-1.109640365
M33V,-0.07421656
M33Y,-0.261423857
D34C,0.503918348
D34E,-2.408198991
D34G,-1.208901747
D34H,-2.116776091
D34I,0.431723324
D34L,-1.65974694
D34M,-1.320310597
D34N,-4.64785981
D34V,-1.177174653
D34Y,-3.073737148
R35C,-0.385597981
R35G,-0.316048449
R35H,0.108234537
R35K,0.209918116
R35L,-0.475090904
R35M,-0.432922091
R35P,-0.016064612
R35Q,-0.39796583
R35S,-2.2325031930000003
R35V,-0.777452044
R35W,-0.913833204
N36D,-0.185944786
N36E,0.431723324
N36G,0.7216369659999999
N36H,0.24852095
N36I,-2.333669485
N36K,-1.05589819
N36L,0.276791524
N36S,-0.414351855
N36T,-0.6445148039999999
P37D,-1.314526897
P37H,-1.782651626
P37L,-0.320662689
P37R,-0.313147693
P37S,-0.365063287
P37T,-1.262527288
P37Y,-0.031459332
Y38A,-2.233722648
Y38C,-0.161765115
Y38D,-4.020619485
Y38E,-2.825948469
Y38F,-0.693019277
Y38G,-1.226911833
Y38H,0.018166905
Y38K,-1.026566172
Y38L,-1.286985468
Y38N,-2.836659695
Y38R,-1.783889236
Y38V,-2.885283577
Y38W,-0.275863492
Y39A,-2.007605204
Y39C,-1.271656627
Y39D,-2.177371127
Y39H,-0.856651443
Y39I,-0.407922988
Y39K,-2.185001502
Y39L,-0.400453687
Y39N,-4.929103162
Y39Q,0.559635788
Y39R,-0.400453687
Y39S,-1.718687258
Y39W,0.559635788
G40A,-0.956762287
G40E,-1.766084606
G40M,-2.05950016
G40R,-2.759271775
G40S,-1.560327876
G40V,-1.998771064
G40W,-1.476274562
G41A,-6.367023597999999
G41C,-0.751952799
G41D,-0.809423055
G41H,0.559635788
G41L,-0.400453687
G41R,-1.151798583
G41S,-0.325907967
G41V,-2.159431501
E42A,-2.955477742
E42D,-0.466135802
E42G,-0.321080449
E42K,-0.5341079000000001
E42N,-0.133511393
E42Q,-0.695685957
E42V,-0.342410513
S43D,-1.857053879
S43G,0.006875116
S43I,-0.8593854740000001
S43N,-0.588240839
S43R,-2.719551524
S43T,-0.644897485
S44A,-0.041600454
S44F,-0.469805319
S44G,-0.644989341
S44H,-1.093600867
S44L,-1.093600867
S44M,-1.820042572
S44N,-0.800192446
S44P,-0.227368637
S44R,-0.040181151
S44W,-0.107389772
S44Y,-5.261189974
S45A,-1.612121001
S45F,-2.054822225
S45G,-0.497705276
S45H,0.559635788
S45P,-1.523894336
S45R,0.559635788
S45T,0.629390923
S45V,-1.491884157
S45W,-0.275863492
S45Y,-5.505317599
I46F,-0.7786677120000001
I46G,-1.60642605
I46M,-1.093516624
I46S,0.138236818
I46T,-0.172708067
I46V,-0.050933458
I46Y,0.559635788
T47A,-0.5157887760000001
T47E,-0.133511393
T47I,-0.625394871
T47K,-4.947389184
T47P,-1.365119765
T47R,-2.166406599
T47S,0.304905659
P48H,-5.219010042
P48I,-0.400453687
P48L,-1.637746661
P48R,-1.48543697
P48S,-1.639302778
P48T,-4.349251845
L49I,0.559635788
L49M,-3.320725633
L49P,-1.015374343
L49Q,-0.267656844
L49R,-1.399234677
E50D,-0.179642256
E50G,-0.094118048
E50K,-0.030849241
E50M,-0.992628126
E50Q,1.163082809
E50R,-0.7340390790000001
E50V,0.282785521
E50W,-0.133511393
E51A,-1.2579085559999998
E51D,-0.492974651
E51G,0.078379814
E51K,-0.29707597
E51Q,-1.36952399
E51V,-0.085625837
E51W,0.559635788
E51Y,0.559635788
L52I,-1.16525893
L52K,-1.5336180190000002
L52M,-4.704833238
L52P,-1.628725824
L52Q,-0.474353584
L52R,-0.462232891
L52T,-1.648281576
Y53C,-0.331292768
Y53D,-2.098329971
Y53H,-0.344453641
Y53N,-0.403922934
Y53Q,0.559635788
Y53R,0.559635788
Y53S,-1.639915485
Y53W,-1.570724038
K54E,0.0878516709999999
K54G,-1.158496818
K54M,-2.6989545360000005
K54N,-0.424825376
K54Q,-1.48995543
K54R,0.045313717
K54S,0.331013809
K54T,0.487990504
R55A,-0.060031073
R55C,-0.427129013
R55H,-0.251383462
R55L,-0.283553337
R55P,0.335329471
R55S,-0.668182261
R55T,0.024333645
R55W,-0.400453687
F56C,-1.526777551
F56H,0.606140378
F56L,-0.064740527
F56M,-2.812038684
F56N,-0.275863492
F56P,0.559635788
F56S,0.07215515
F56T,-0.400453687
F56V,0.298109338
Q57C,0.7047268309999999
Q57H,0.109087332
Q57K,-2.091695674
Q57L,-2.04299506
Q57R,-0.36593866
Q57T,-1.901990321
Q57W,0.791471204
Q57Y,-0.826658573
L58F,-0.89731177
L58G,-1.273534241
L58I,-0.133511393
L58K,-0.400453687
L58M,-2.6509826640000003
L58N,-0.7891140640000001
L58S,-0.091389166
L58V,-0.49278039
L58W,-2.3486218080000003
L58Y,-0.575607377
L59D,-1.7762912169999998
L59E,-1.91982792
L59F,-0.133511393
L59G,0.559635788
L59H,-0.724606513
L59I,0.434383825
L59K,0.559635788
L59M,-1.102872304
L59N,-1.049802125
L59P,-0.08098613
L59Q,-0.438580323
L59R,-0.690282965
L59S,-0.799753259
L59V,-1.201510184
L59W,-2.037091324
E60A,-0.994675887
E60D,-0.174128231
E60G,-0.050726171
E60K,-0.572308744
E60L,-0.031459332
E60M,0.559635788
E60Q,-0.6635299060000001
E60W,0.230289712
G61A,-0.37382163
G61D,-0.299797406
G61E,-0.08379986
G61R,0.127477204
G61V,-0.294360997
G61W,-0.6670499679999999
P62A,0.0788684509999999
P62H,-3.377206573
P62L,-0.352461834
P62R,-0.300118237
P62S,-0.29434485
P62T,-5.49123029
P63A,-2.436389482
P63F,-0.024266179
P63H,-0.578250854
P63L,-0.32083209
P63N,-0.400453687
P63Q,0.559635788
P63R,-0.8888397229999999
P63S,-0.000594416
P63T,-2.106923049
P63Y,0.559635788
E64A,-1.606261941
E64D,-0.383002816
E64G,0.159146783
E64K,-0.480960065
E64Q,-0.509397765
E64V,-0.039653034
S65A,-0.152392046
S65G,-0.858618558
S65K,0.069232211
S65L,-0.035288905
S65N,0.315918842
S65P,-0.314275286
S65R,-1.1590077
S65T,-0.206028828
S65V,-1.278273127
S65W,0.16011011
S65Y,-0.69689169
M66A,-2.49829686
M66G,-1.926582124
M66H,-0.275863492
M66I,-0.776210428
M66K,-3.362263581
M66L,0.147183871
M66N,-1.765901893
M66Q,-0.400453687
M66R,-1.4207811259999998
M66S,-3.121750825
M66T,-0.434939838
M66V,-0.357167925
G67A,0.8146674979999999
G67C,-0.267301318
G67D,0.177117537
G67M,0.559635788
G67R,-0.524421705
G67S,-0.661399781
G67T,0.148077854
G67V,-0.5279028920000001
R68G,0.995601652
R68L,-0.562016518
R68P,-0.765443703
R68Q,-0.64283608
R68S,-0.538976501
G69A,0.3466588779999999
G69C,-0.5817019760000001
G69D,0.084367718
G69R,-0.295461656
G69S,-0.620101935
G69V,-1.198570833
G69Y,-0.400453687
R70C,0.559635788
R70G,0.133718666
R70H,-0.87207292
R70L,-0.6693510739999999
R70N,-1.252021853
R70P,0.131537952
R70Q,-0.191438712
R70W,0.559635788
D71A,-1.180859265
D71C,0.276624607
D71E,-0.664767297
D71G,-0.153757027
D71H,0.84065839
D71I,-0.5588746720000001
D71K,0.123317155
D71M,0.399039836
D71N,-0.6474662170000001
D71P,-0.538976501
D71Q,-0.275863492
D71R,-1.373344167
D71V,-0.140926898
D71Y,-1.305777382
W72A,-1.4700809869999998
W72C,-2.015064587
W72G,-1.281946035
W72L,-1.993603806
W72M,-2.87941987
W72Q,-2.014952823
W72R,-1.6563398880000002
W72S,-1.818392599
W72V,-0.882201578
N73D,-0.521403198
N73E,0.242369069
N73F,-0.133511393
N73G,-1.875264046
N73H,0.097939409
N73R,-0.031459332
N73S,0.199635079
N73T,0.007611538
N73V,-2.485647992
N73Y,-0.191319453
V74A,-0.522576383
V74D,-0.4482257670000001
V74F,-0.8416114570000001
V74G,-1.6341136280000002
V74I,-0.443901001
V74S,-1.819847312
V74T,-0.8681764940000001
V74W,-0.113789956
V74Y,-2.655875183
D75A,-1.043669015
D75E,-1.542115343
D75G,-0.372887253
D75H,-0.7684555540000001
D75N,-0.139793416
D75S,0.514303293
D75V,-0.63426892
D75Y,-2.838938289
L76A,0.847184998
L76H,-0.064080391
L76I,0.62906679
L76M,-5.5203162510000015
L76P,-1.024149971
L76Q,0.760545932
L76R,0.211423813
L76T,-0.251427292
L76V,0.114592959
L76W,0.4501095470000001
I77D,-1.055170311
I77F,-1.490126336
I77K,0.847184998
I77L,-0.628613648
I77S,-0.453950585
I77T,-0.571891885
I77V,-0.012126085
P78C,0.4501095470000001
P78F,0.243248998
P78H,-4.898883446
P78L,-1.15354824
P78R,-0.395397483
P78S,0.254866919
P78T,-5.340617426000001
K79E,-1.417537588
K79Q,-1.2576618
K79R,-0.315042056
F80C,-0.44422032
F80L,-1.722789105
F80S,-1.135042687
F80V,-1.5377137369999998
L81A,0.847184998
L81F,-1.912066507
L81I,-2.802940705
L81P,-0.952590956
L81Q,-2.752416373
L81R,-1.4717789730000002
L81S,-1.846335675
L81T,0.62906679
M82A,-1.590865775
M82I,-0.421899128
M82K,-2.803907456
M82L,0.126697876
M82R,-1.683186303
M82S,0.847184998
M82T,-0.718412013
M82V,-0.733015485
M82W,0.154037816
A83D,-5.36107493
A83N,0.4501095470000001
A83P,-1.419860931
A83S,-0.073187305
A83T,-0.34248957
A83V,-0.35400822
N84D,-0.1562873719999999
N84E,0.847184998
N84G,0.847184998
N84K,-0.705829037
N84S,-0.005720062
N84T,-0.43699919
N84Y,-1.498574314
G85A,-0.159913424
G85C,-1.901363395
G85D,-0.111307781
G85E,-0.787038749
G85K,-0.898740325
G85L,-0.157556893
G85M,0.03904352
G85N,-2.853726814
G85R,-1.985547555
G85S,-1.568157787
G85V,-1.966910226
G85W,-2.016806524
Q86D,0.847184998
Q86E,0.375187454
Q86H,-0.491578619
Q86K,-5.617215645
Q86L,0.5098752670000001
Q86P,-1.322233513
Q86R,-0.413193234
Q86W,-1.204012586
L87F,-0.8006515009999999
L87I,0.4501095470000001
L87M,-4.543590646
L87P,-1.728296908
L87Q,-1.897037852
L87R,-1.319031613
L87S,-1.913794062
V88A,-0.085499357
V88F,0.4501095470000001
V88I,-0.391578529
V88L,-0.955614951
V88S,0.821486174
V88T,-0.806937138
K89C,0.847184998
K89D,-1.254656289
K89E,-0.579444417
K89G,-1.697704942
K89H,0.4501095470000001
K89I,-0.72624415
K89L,0.847184998
K89M,-1.981212769
K89N,-0.614320044
K89P,-2.563814262
K89Q,-0.7026101159999999
K89R,-0.034729844
K89S,-2.3541808680000003
K89T,-0.085399571
K89V,-1.0977292159999998
M90A,0.62906679
M90F,0.338463513
M90H,0.4501095470000001
M90I,-0.345851253
M90L,-0.927515465
M90T,-0.6085203779999999
M90V,-0.7072574359999999
L91E,-1.531949724
L91F,-0.223683319
L91H,-3.026807632
L91I,-2.517552213
L91P,-1.802531834
L91R,-3.033705399
L91T,0.4501095470000001
L91W,-0.8876382420000001
L92E,-1.315280585
L92I,-2.040398021
L92K,0.4501095470000001
L92M,-2.614812493
L92P,-0.7034419820000001
L92R,-0.204729441
L92S,0.847184998
L92V,-0.380215986
Y93C,-0.595618565
Y93D,0.083121049
Y93H,-0.143524999
Y93L,-2.077995415
Y93W,0.43236487
T94A,-0.618914082
T94E,0.847184998
T94G,-1.292662376
T94I,-1.774558744
T94K,-3.30537201
T94L,0.234703349
T94M,1.109120693
T94P,-1.424382873
T94R,-0.700944019
T94S,-1.157233082
E95A,0.477818966
E95D,-0.644737673
E95G,-0.770094208
E95K,-1.666185913
E95Q,-0.317899028
E95R,0.847184998
E95V,-0.9822891
E95W,-0.251427292
E95Y,-1.723227869
V96A,-0.110392698
V96E,-0.19256599
V96F,-0.251427292
V96G,-0.449108614
V96L,-0.183819424
V96M,-0.238948452
V96T,-0.243037632
T97A,-0.057208367
T97C,0.4501095470000001
T97D,-0.243037632
T97I,-0.60276902
T97N,-4.02760443
T97P,-0.371498476
T97S,-0.369212022
T97V,0.847184998
T97Y,0.847184998
R98C,-0.66684657
R98D,-2.641753949
R98F,0.366774334
R98G,-1.341796
R98H,-0.046201096
R98L,-0.649559344
R98N,0.847184998
R98P,-0.426881456
R98S,-1.387797165
R98W,-0.896551331
R98Y,0.847184998
Y99C,-0.922920211
Y99D,-0.419414654
Y99F,-0.237763798
Y99H,-0.7014999759999999
Y99I,-1.3532500580000002
Y99L,-1.446906134
Y99N,-3.777104003
Y99P,-3.320337702
Y99S,-0.70114671
Y99T,0.4501095470000001
L100E,-1.018816459
L100K,0.847184998
L100M,-1.5601679030000002
L100P,-1.036712894
L100Q,-0.053758485
L100R,-1.689770073
L100S,-0.48858377
L100V,0.6621807120000001
D101A,-0.372337263
D101C,0.847184998
D101E,-1.195263981
D101G,-0.062891164
D101H,0.015995902
D101N,0.197821359
D101S,-0.510865407
D101V,-0.760871156
D101Y,-0.523900348
F102C,0.189917394
F102L,-0.454583821
F102S,-1.193912508
F102V,-0.27138191
F102Y,-1.23678075
K103C,0.154037816
K103D,0.4501095470000001
K103E,-0.1736666469999999
K103G,0.291156161
K103I,-0.248426125
K103M,-0.33218289
K103N,-0.348729556
K103Q,-0.638516225
K103R,-0.0868273669999999
K103S,-1.837663484
K103T,-0.006797037
V104A,-0.224950363
V104D,0.62906679
V104E,-0.350457709
V104F,0.62906679
V104G,-1.999652122
V104L,-0.71687712
V104M,-0.525572885
V104T,-0.243037632
V105A,-0.410865046
V105D,-1.855354523
V105F,-1.90306725
V105G,-0.759637632
V105I,0.485807322
V105K,-3.107640684
V105L,-1.131319253
V105M,-0.302983281
V105R,-0.211187132
V105S,-0.690682652
V105Y,-2.334347096
E106A,-1.940655083
E106D,-0.464453765
E106G,-1.01588854
E106K,-1.678475837
E106Q,-0.790141876
E106V,-0.343789827
E106W,-0.248426125
E106Y,-0.251427292
G107A,-0.544454435
G107C,-0.471582305
G107D,-1.342557269
G107E,0.847184998
G107F,-0.941573307
G107L,-1.3691972419999998
G107R,0.095691936
G107S,-0.162665659
G107V,-0.353754679
G107Y,0.847184998
S108A,0.847184998
S108C,-0.612153855
S108D,-1.7899339980000002
S108E,0.820364465
S108F,-2.0018936430000003
S108G,-0.215627774
S108I,-1.764251363
S108K,-0.539109365
S108M,-0.000668118
S108N,-0.271547047
S108R,-1.659719947
S108V,-0.322815305
S108W,-0.24724126
S108Y,0.4501095470000001
F109A,0.160323453
F109C,-1.062979221
F109D,-2.053539877
F109E,-1.462938255
F109G,-1.208216214
F109H,0.847184998
F109L,-1.325033119
F109S,-1.6841600280000002
F109T,-0.963394301
F109V,-2.119743859
F109W,-1.299816935
F109Y,-1.177822762
V110A,-0.263231453
V110D,-1.405272305
V110E,3.0859173189999995
V110F,-1.4708960430000002
V110G,-1.199214112
V110I,-0.686498756
V110K,-0.064080391
V110M,-0.251427292
V110P,0.847184998
V110R,-0.400240369
V110S,-0.134734409
Y111A,-1.064985219
Y111C,0.031231157
Y111D,-0.918480235
Y111E,0.496480769
Y111G,-1.83751057
Y111H,-0.413072437
Y111I,-0.939039528
Y111K,0.62906679
Y111L,0.30348914
Y111M,-2.089592343
Y111N,-0.833548538
Y111R,-1.233629726
Y111S,-0.944543769
Y111T,-2.241116381
Y111V,-0.878258997
Y111W,-1.600138006
K112A,-0.586793154
K112D,-1.275370865
K112E,-0.196549802
K112F,-1.736943554
K112G,-1.564561976
K112H,-1.136169738
K112I,-2.182278857
K112L,-0.313194953
K112M,-2.40993985
K112N,-0.797897822
K112P,-1.78389342
K112Q,-1.583369808
K112R,-0.0428741759999999
K112S,0.331693194
K112T,-0.8985063190000001
K112W,0.332088355
K112Y,-0.8868923329999999
G113A,0.131831278
G113C,0.332088355
G113E,-0.352150326
G113K,-1.016803982
G113L,0.332088355
G113M,0.1297772019999999
G113N,-1.558682388
G113R,0.04450281
G113S,0.7578470079999999
G113T,-0.766523933
G113V,-0.921438355
G113W,-0.062016867
G114A,-1.059125976
G114C,-0.421469001
G114D,-0.225994665
G114E,-0.137441886
G114F,-0.766523933
G114H,0.332088355
G114I,-0.8305890659999999
G114R,-1.981325994
G114S,-0.576101324
G114V,-1.256099743
G114Y,0.332088355
K115D,-0.473124857
K115E,-0.489309082
K115G,-1.441420885
K115M,-0.107724177
K115N,-0.5142057
K115Q,-1.523964011
K115R,0.134203721
K115S,0.32990566
K115T,-1.123292327
I116F,-0.925248885
I116K,-0.500656136
I116L,0.169038422
I116M,-1.5489386530000002
I116R,-2.024793851
I116S,-0.493737217
I116T,-0.297168644
I116V,-0.233547575
I116Y,0.332088355
Y117A,-1.228039748
Y117C,0.035603272
Y117D,-0.294171567
Y117E,-1.595235005
Y117F,0.426410597
Y117G,0.364098788
Y117H,0.1735331989999999
Y117I,-1.363091454
Y117K,0.701963167
Y117L,-2.165422856
Y117M,0.311841362
Y117N,-2.338815847
Y117P,-0.766523933
Y117Q,-2.414885222
Y117S,-0.728877515
Y117T,-2.289155987
Y117V,-1.419564323
Y117W,0.273157549
K118A,-1.07605677
K118C,-1.864925855
K118D,-1.03587272
K118E,-1.549306478
K118F,-2.009608227
K118G,-1.58749823
K118H,-2.404485957
K118I,0.128741144
K118L,-2.482878622
K118M,-1.669238138
K118N,-1.365537385
K118P,-1.354100231
K118Q,-0.258257414
K118R,-0.35637055
K118S,-1.652727344
K118T,-1.62846779
K118V,-2.558205707
K118W,-2.002489863
K118Y,-2.015630089
V119A,-0.137218211
V119C,0.6761207920000001
V119D,-3.517647294
V119E,-0.725319229
V119F,0.197212822
V119G,-1.204889225
V119K,-1.7748291319999998
V119L,-0.169167504
V119M,-1.079195335
V119N,0.332088355
V119P,-2.288091869
V119Q,-1.4426714580000002
V119R,-1.033819644
V119Y,-1.4816298209999998
P120A,-1.007350431
P120H,0.332088355
P120L,-1.61672146
P120Q,-5.825921495
P120R,-1.83616603
P120S,-0.798168605
P120T,-7.32907442
S121C,-1.879197395
S121F,-0.375462056
S121L,-0.409488333
S121P,-0.308496024
S121T,-0.0820621409999999
S121Y,-4.846606483
T122A,-0.315296125
T122I,-0.088119234
T122M,0.07001538
T122N,-0.043390964
T122P,-0.943584176
T122S,0.144879366
T122V,-1.776342395
T122Y,-2.064152967
E123A,0.016249025
E123D,-0.839513249
E123G,-0.163314453
E123H,0.332088355
E123K,0.311036989
E123Q,1.248098201
E123R,-1.758322664
E123V,0.444904636
T124A,-0.294131734
T124D,-0.361058825
T124I,0.420912064
T124N,-1.731308801
T124P,-1.149813998
T124S,-0.510442067
T124V,0.332088355
E125D,-0.6152899620000001
E125G,-0.098129302
E125K,-0.240324643
E125L,-1.115404708
E125Q,-0.512892801
E125T,-1.967447144
E125V,-0.85249249
E125W,0.332088355
A126C,0.332088355
A126D,-5.467059594
A126E,-1.908299051
A126G,-1.071331174
A126I,-1.028596909
A126P,-0.425729121
A126R,-1.277349557
A126S,-0.792100459
A126T,-0.441284781
A126V,-0.5639398529999999
A126W,-0.933553842
L127F,-0.111979534
L127M,-0.180165745
L127P,-0.7258598540000001
L127S,-0.878816556
L127V,0.032879954
L127W,-1.007203779
A128D,-4.888804824
A128I,0.332088355
A128K,-1.277349557
A128M,-0.225971211
A128N,-0.375900993
A128P,-1.41869582
A128S,-0.241507161
A128T,-0.024842952
A128V,-0.072953913
A128Y,1.326665427
S129A,-3.5507226610000004
S129F,-1.415480046
S129L,-0.042227329
S129P,-0.6810890620000001
S129Y,-4.505096764
N130A,-4.058064364
N130C,-1.32053371
N130D,-0.45593555
N130E,0.332088355
N130G,0.416908946
N130H,-1.3520112359999998
N130K,0.378583648
N130L,0.252784351
N130R,-0.26348421
N130S,0.205160528
N130T,-2.996467623
N130V,-0.799069455
N130Y,-0.151460094
L131I,-0.95262857
L131M,-5.332568983
L131P,-0.64887972
L131Q,-0.788151459
L131R,-1.656682887
L131S,0.332088355
L131T,-0.361058825
M132I,-0.3434575479999999
M132K,-1.4586092430000002
M132L,-0.700068802
M132R,-0.717315727
M132T,-0.416809276
M132V,-0.036586683
G133A,-0.543117752
G133C,-0.555442288
G133D,-1.05596171
G133E,0.332088355
G133F,-0.251800042
G133R,0.052708223
G133S,-0.377994889
G133V,-0.574735394
M134A,-0.948635123
M134F,-2.774551428
M134I,-0.354348535
M134K,-3.501331655
M134L,1.079472576
M134R,-0.7938949059999999
M134T,-0.486586138
M134V,-0.449885884
F135A,-2.382430853
F135D,0.332088355
F135E,-1.193803317
F135I,-0.610583134
F135L,-0.039307766
F135M,0.726353303
F135P,-0.3830175320000001
F135R,0.534403115
F135S,-0.445369558
F135V,-0.07421088
F135W,0.613990316
E136A,0.004747029
E136D,-0.032610234
E136G,0.034727569
E136K,-0.080490229
E136L,-0.29753053
E136Q,0.676943773
E136R,-1.562399167
E136V,-1.4616478309999998
K137D,0.332088355
K137E,-1.743142191
K137H,-0.409488333
K137L,-1.545239035
K137N,-1.118722763
K137Q,-0.795766689
K137R,-1.749331424
K137T,0.018895475
K137V,-0.500656136
K137W,-2.712208484
R138C,-2.702664379
R138H,0.288915817
R138L,-0.146882729
R138N,0.332088355
R138P,-0.26905959
R138Q,-0.424153922
R138S,-0.736677943
R138T,-1.236054175
R138W,-0.424878686
R139C,-0.346045107
R139G,0.173012993
R139H,-0.435321916
R139L,-0.831841174
R139P,-0.920426452
R139S,-4.9408833880000005
F140C,-2.319685597
F140I,-1.911163284
F140L,-0.657870846
F140S,-1.843798951
F140V,-0.829203667
F140Y,-3.031947076
R141C,-0.742591881
R141G,-1.030078637
R141H,-0.73597269
R141I,-0.239128058
R141L,-0.107810919
R141P,-0.477616274
R141S,-1.090464444
R141T,0.000119744
R141W,-0.137441886
R141Y,-0.463786879
K142D,-0.674616294
K142E,-0.577522768
K142F,-2.051240859
K142G,-0.409488333
K142H,-0.413239489
K142I,-1.319603987
K142L,-2.934440617
K142M,0.258074607
K142N,-0.368981658
K142P,-2.663554618
K142Q,-0.400159901
K142R,-0.287547873
K142S,-1.819827511
K142T,-0.387380423
K142V,-0.8839123809999999
K142W,-2.559478373
K142Y,-1.6725211569999998
F143A,-1.393098629
F143C,-1.4459731340000002
F143D,-2.45147968
F143G,-1.773731116
F143H,-1.342209692
F143K,-2.323924645
F143L,-0.6305897570000001
F143M,-0.137441886
F143N,-0.680582123
F143P,-1.406198213
F143R,-1.027291282
F143S,-1.644252839
F143V,-1.475132724
F143W,-0.195479188
F143Y,-1.518299386
L144F,0.07001538
L144H,0.07001538
L144M,-0.136716402
L144P,-1.617935032
L144Q,-0.211303057
L144R,-0.567157619
L144S,-2.964943481
L144W,-0.137441886
V145A,0.015548692
V145D,-1.071671639
V145E,1.138814126
V145F,-0.8640713309999999
V145G,-0.390418131
V145L,0.111698749
V145M,-0.189690638
V145R,0.160982004
V145W,-1.528105862
V145Y,-1.098698957
F146A,-0.211051882
F146C,-0.060469535
F146H,0.332088355
F146I,-0.172934348
F146L,-1.291251007
F146M,-1.626203301
F146N,0.762836084
F146R,-0.7322306279999999
F146S,-0.192747873
F146V,-1.4248097380000002
F146Y,-0.456356054
V147A,-0.121124741
V147D,0.332088355
V147E,-0.707799473
V147G,-1.634990945
V147I,-0.361058825
V147L,-0.256419738
V147M,-1.476552399
V147T,-2.736162478
A148E,-5.169558027
A148G,-0.389706705
A148I,0.6246499010000001
A148L,-0.252834576
A148P,-1.681444951
A148S,0.049017458
A148T,-0.233083745
A148V,-1.051133631
N149D,-0.276691329
N149G,0.610285545
N149I,-0.6651910560000001
N149K,-3.673078416
N149S,-0.246518809
N149T,-0.075216575
N149V,0.6246499010000001
N149W,0.7005133459999999
F150C,-1.630615501
F150G,-0.3408558679999999
F150H,-0.020394972
F150I,-0.587422555
F150L,-0.157434182
F150S,-0.994865714
F150V,-2.256061988
D151A,-0.6869624440000001
D151C,-0.7433511540000001
D151G,-0.8706856940000001
D151H,-1.011075227
D151N,-0.274598138
D151S,0.617441931
D151V,-0.336392542
D151Y,-1.4713485569999998
E152A,-1.857782509
E152D,-1.44788842
E152G,-0.063056229
E152H,0.610285545
E152K,-0.098527699
E152L,0.610285545
E152Q,0.700521492
E152S,-0.625696876
E152V,-0.629546512
E152W,-0.7760088159999999
N153C,-0.294530257
N153D,-0.055233518
N153E,0.754948809
N153G,-0.486206373
N153H,0.579730139
N153I,-2.015679507
N153K,0.217833378
N153M,1.146049562
N153R,-0.786871275
N153S,0.12282914
N153T,-2.9383468180000003
N153V,-0.294530257
N153W,-0.959812004
D154A,-1.377273962
D154C,0.617441931
D154E,-1.660773014
D154G,-0.915275629
D154H,-0.8874462740000001
D154K,0.6246499010000001
D154N,-0.342773592
D154S,0.6861489909999999
D154V,0.181503152
D154Y,-1.324772218
P155A,-0.713887715
P155F,-2.715050467
P155H,-5.208544094
P155I,-0.272632106
P155K,0.6246499010000001
P155L,-0.655807065
P155M,-1.15166184
P155N,-0.274626154
P155R,-0.654402794
P155S,-0.244998831
P155T,-2.916318258
K156A,0.6246499010000001
K156E,-0.171334736
K156M,-0.52125967
K156N,-0.709611432
K156Q,0.397412632
K156R,0.1755396669999999
K156T,-0.513309634
T157A,-0.948158586
T157I,-0.7220805690000001
T157N,-3.670069374
T157P,-1.83057085
F158C,0.39549872
F158L,-0.018823493
F158P,0.6246499010000001
F158S,-0.422118466
F158V,-0.70969682
E159A,0.059755487
E159D,-0.374001027
E159F,0.382766595
E159G,-0.12305928
E159K,0.429318769
E159L,-0.075705249
E159M,0.436618773
E159N,0.232667019
E159Q,-0.386581723
E159R,-1.843628361
E159S,-0.307024579
E159V,0.231755001
E159Y,-0.6363465189999999
G160A,-1.864691917
G160C,-0.460892453
G160D,-1.36292144
G160E,-0.072107759
G160F,-2.086418964
G160H,-1.176708695
G160I,-0.06849728
G160K,0.08333199
G160L,-2.220469132
G160M,-2.548627889
G160N,-0.495059766
G160P,-1.01993958
G160R,-0.094861662
G160S,-0.583995488
G160T,-1.97486824
G160V,-1.273576017
G160W,-0.993431361
G160Y,-2.077505359
V161A,-0.516397978
V161D,-1.591428084
V161F,-0.312529291
V161G,-1.290621629
V161I,-0.152300813
V161L,0.060963276
V161T,0.047437273
D162A,0.6412324629999999
D162C,0.617441931
D162E,-1.766894372
D162G,-0.5951123
D162I,0.6246499010000001
D162N,-0.322379497
D162S,0.6246499010000001
D162V,-0.650449307
D162Y,-1.61263385
P163A,-0.341888914
P163D,0.6246499010000001
P163F,-0.050203973
P163H,-2.9265012460000004
P163I,-0.06849728
P163L,-0.083849013
P163Q,0.6246499010000001
P163S,-0.827407661
P163T,-5.877981325
P163Y,-1.56439642
Q164G,0.610285545
Q164H,-0.493299506
Q164K,-2.610908722
Q164L,-0.169411688
Q164N,-0.5696729460000001
Q164P,0.100968059
Q164R,0.058724921
Q164W,-0.4700334370000001
Q164Y,-0.996295956
T165A,0.025266438
T165D,0.209585666
T165I,-0.089183705
T165L,0.610285545
T165N,-4.04197446
T165P,-1.5403503630000002
T165S,0.221111807
T165V,-0.27623695
T165Y,0.6246499010000001
T166A,-0.147164925
T166I,-0.548028333
T166N,-3.5890500760000004
T166P,0.709662705
T166S,-1.453715534
T166V,-1.447086849
S167A,-2.03965093
S167C,0.254206156
S167D,-0.303148775
S167E,-1.268597561
S167G,-0.26599963
S167H,0.610285545
S167I,-0.941526136
S167L,0.635735238
S167M,-0.659585083
S167N,0.015925691
S167P,0.6246499010000001
S167Q,-0.767055302
S167R,-0.4342192170000001
S167T,-1.040761095
S167W,0.610285545
M168A,0.617441931
M168D,-0.76885243
M168E,0.610285545
M168H,-2.976152752
M168I,-0.7661010859999999
M168K,0.053881659
M168L,-3.503205763
M168N,0.617441931
M168P,-1.908527808
M168Q,-2.025682733
M168R,-1.994122133
M168T,-0.658237074
M168V,-0.546169936
R169C,-0.635759417
R169G,-0.108078095
R169H,-0.990866638
R169I,0.6246499010000001
R169L,-0.153824343
R169P,-1.58928379
R169S,-1.648184419
R169W,0.610285545
R169Y,0.6246499010000001
D170A,0.047512054
D170C,0.610285545
D170E,-3.891947596
D170G,-0.181104023
D170H,-1.644267141
D170N,-0.152261406
D170S,-0.460480163
D170V,-1.603243071
D170Y,-0.167548476
V171A,-0.301502803
V171E,0.610285545
V171F,-1.535842578
V171G,-0.757416022
V171H,-0.763451329
V171I,-0.28794172
V171L,-0.271631942
V171S,0.610285545
V171Y,0.610285545
Y172C,-0.537824285
Y172D,-2.561748137
Y172E,-0.06849728
Y172G,0.610285545
Y172H,-0.8736332859999999
Y172I,0.610285545
Y172L,-2.038377338
Y172N,-0.371845869
Y172Q,0.214373712
Y172R,-1.525577184
Y172S,-0.973422351
Y172V,-1.170720048
Y172W,0.617441931
R173A,-1.572695502
R173C,0.6246499010000001
R173G,-1.507107969
R173H,0.6246499010000001
R173L,-0.190272151
R173M,0.6246499010000001
R173P,-1.752904828
R173Q,-0.16240563
R173S,0.610285545
R173T,-0.485946967
R173V,-1.73356832
R173W,-0.631420488
K174E,-0.396607089
K174G,0.287464104
K174I,0.6246499010000001
K174M,0.582672438
K174N,-4.25590703
K174R,0.0164454869999999
K174T,-0.133636448
K174V,0.6246499010000001
F175L,-1.0572266
F175S,-1.499822171
F175V,-1.5946370580000002
D176A,0.652790972
D176C,0.6246499010000001
D176E,-0.128196775
D176G,-0.169825422
D176N,0.267716603
D176Y,-0.8873635590000001
L177I,0.610285545
L177M,-2.66113291
L177P,-1.778966918
L177Q,-0.7730799190000001
L177R,-2.29650409
L177T,-0.082861635
G178A,-0.491360979
G178C,-0.305656991
G178D,-0.13180164
G178E,-0.746961633
G178F,0.610285545
G178K,-1.4149738369999998
G178N,-2.374914569
G178R,0.406313349
G178S,-0.057039724
G178V,-1.282148278
G178W,-0.473962388
G178Y,-1.324492732
Q179E,-1.057996399
Q179H,-0.486724114
Q179K,-5.302907918
Q179L,-0.377801208
Q179N,-0.082861635
Q179P,0.145480898
Q179R,-0.188118093
Q179T,0.610285545
Q179W,0.617441931
Q179Y,0.6246499010000001
D180C,-0.473962388
D180E,0.248908197
D180F,0.6246499010000001
D180G,-0.135226695
D180H,-0.997880196
D180K,-2.0127271
D180N,0.025627071
D180V,-2.6902648260000004
D180Y,-0.635806323
V181A,-0.21961636
V181D,-1.740759885
V181E,0.6246499010000001
V181F,-1.434240714
V181G,-1.351899724
V181I,-0.01183435
V181L,-2.067490081
V181S,-0.082861635
V181T,-0.082861635
I182A,0.610285545
I182F,-0.045890367
I182L,-0.024625801
I182N,-0.26329372
I182S,-0.16295166
I182T,-0.219598918
I182V,-0.211360499
D183A,-1.089088253
D183C,-0.082861635
D183E,-0.097741782
D183G,-0.865342052
D183H,-0.095410949
D183N,-0.922725165
D183V,-0.577057216
D183Y,-0.983148131
F184C,-0.667745195
F184L,-0.32659989
F184P,0.6246499010000001
F184S,-1.650696243
F184T,0.6246499010000001
T185A,-0.019729634
T185D,1.16700151
T185I,0.307108465
T185N,-3.890871164
T185P,-1.319268776
T185R,-2.850379116
T185V,-0.12706985
G186A,-0.457293709
G186C,-1.660472415
G186D,-1.15059272
G186I,0.105592154
G186L,-0.191521209
G186N,0.837379984
G186R,-1.949817714
G186S,-0.780389682
G186V,-3.0178591530000003
G186Y,0.988670495
H187C,1.16700151
H187D,-0.490939962
H187K,0.837379984
H187L,-0.686302042
H187N,-5.676426279
H187P,-1.05990592
H187Q,-0.775337669
H187R,-0.27023226
H187S,1.16700151
H187Y,-0.345139293
A188D,-2.644421913
A188G,-0.527287532
A188N,0.782390543
A188S,-1.025549275
A188T,-0.179455087
A188V,-1.347447091
L189I,0.473854331
L189M,-0.473455635
L189P,-1.819884067
L189Q,-1.412643457
L189R,-1.320588423
L189S,-0.460995872
L189T,0.144232803
L189V,0.7093818279999999
L189W,1.16700151
A190E,-5.560469277999999
A190G,0.144211428
A190K,1.16700151
A190L,0.144232803
A190P,-2.329791232
A190S,-0.413194554
A190T,-0.560711056
A190V,-0.740513229
L191F,-0.984536467
L191H,-0.44948683
L191I,-2.708208004
L191N,1.16700151
L191P,-1.4406543230000002
L191R,-2.764528035
L191T,0.04023507
Y192C,-0.179748537
Y192H,0.068957182
Y192N,-1.276230259
Y192Q,0.837379984
Y192S,-0.5956902079999999
R193A,-2.275750086
R193C,-0.31246597
R193G,0.082265397
R193H,-0.044038275
R193I,0.837379984
R193L,-0.322763744
R193P,-0.097371029
R193Q,0.665770568
R193S,-5.376155632000001
R193Y,0.988670495
T194A,-0.245015239
T194F,0.837379984
T194I,-0.281702468
T194K,0.33240121
T194L,-0.6878018920000001
T194M,1.16700151
T194N,-1.094286422
T194P,-1.098892257
T194R,-1.5943475969999998
T194S,-0.746211863
T194V,0.144232803
T194W,-1.30701067
T194Y,0.837379984
D195A,-0.334727517
D195G,-0.694836832
D195H,-1.171297603
D195N,-0.013179177
D195S,1.291123951
D195V,-0.440148075
D195Y,-0.687423287
D196A,0.182017693
D196C,-0.641269765
D196E,-4.216304405
D196G,-0.250518465
D196H,0.363805443
D196K,-2.466748305
D196N,-0.277686307
D196R,1.16700151
D196S,1.16700151
D196V,-1.60110374
D196Y,-0.687271393
Y197C,-1.400909659
Y197D,-2.2747891
Y197F,-3.036539937
Y197H,-0.538543012
Y197L,1.16700151
Y197N,0.012949634
Y197Q,1.16700151
Y197R,0.837379984
Y197S,-1.405577043
L198F,-0.953351551
L198I,0.639188458
L198M,-3.27094869
L198P,-1.5212097619999998
L198Q,-0.219902817
L198R,-0.860660245
L198V,0.574278245
D199C,0.837379984
D199E,-4.073519527
D199F,0.837379984
D199G,-0.408150661
D199H,0.072741897
D199N,-0.274971085
D199S,0.090279747
D199Y,-0.981820519
Q200H,-1.10335439
Q200K,-5.511946517999999
Q200L,0.521425734
Q200M,0.473854331
Q200P,-0.777187848
Q200R,-0.215899192
Q200W,0.022289062
Q200Y,0.473854331
P201A,0.007836554
P201F,0.837379984
P201H,-5.555864562999999
P201I,0.473854331
P201L,-0.468216348
P201S,-0.305244742
P201T,-1.3960267519999998
C202F,-1.277758672
C202G,-1.311551821
C202H,0.473854331
C202L,0.473854331
C202R,-1.6896118219999998
C202S,0.365786043
C202V,0.837379984
C202W,-0.758284581
C202Y,-0.290366726
L203A,-2.326897223
L203F,0.014059673
L203H,-0.536947591
L203I,-1.198493514
L203M,-1.703294685
L203P,-0.141439881
L203Q,-1.799729944
L203R,0.24183281
L203S,1.16700151
L203T,-0.23934178
L203V,-0.345029693
L203Y,1.16700151
E204A,-2.6103336180000003
E204D,-1.4386133630000002
E204G,-0.228499306
E204H,1.16700151
E204K,-0.011802424
E204M,1.16700151
E204T,1.16700151
E204V,-0.579620877
E204W,0.530190961
T205A,-0.060074395
T205D,1.16700151
T205G,0.473854331
T205H,0.837379984
T205I,-0.709410298
T205N,-3.993661512
T205P,-0.946555618
T205V,0.988670495
V206A,-1.000804143
V206C,-0.379543649
V206D,-1.451964456
V206F,-0.09384957
V206I,-0.418190603
V206L,-0.159420803
V206M,0.837379984
V206S,-1.924676016
V206T,-0.7153262
V206W,-2.380553654
V206Y,-0.8382972479999999
N207C,1.16700151
N207D,-0.7455526720000001
N207E,1.16700151
N207F,-1.6817482
N207G,0.837379984
N207H,-1.4885970830000002
N207K,-1.602210497
N207P,-1.330942435
N207S,-0.076166309
N207T,0.197256816
R208C,-0.455502234
R208F,0.988670495
R208G,-1.0470273209999998
R208H,-0.936009053
R208I,0.473854331
R208L,-0.670908605
R208P,-1.532582635
R208S,-5.297493777
I209A,-2.75655177
I209C,-1.130680485
I209D,0.473854331
I209L,-1.576207718
I209R,-2.282122754
I209S,-2.36704407
I209T,-0.5531458770000001
I209V,-0.008204315
I209W,-1.6236577840000002
I209Y,0.837379984
K210D,0.068389223
K210E,-1.114976854
K210F,-0.639557554
K210G,-0.546530802
K210I,-0.274282291
K210L,-0.002855747
K210N,-1.634135374
K210R,-0.23687371
K210S,0.105592154
K210T,-0.284115512
K210V,-0.437645837
K210W,-1.271181119
K210Y,0.175521346
L211A,-1.03969613
L211C,0.664386761
L211F,-0.3485727179999999
L211P,1.6067261069999998
L211S,-0.711752501
L211V,-1.918214869
L211W,-0.488530334
Y212A,0.028960019
Y212C,-0.219819108
Y212E,0.837379984
Y212F,-1.558966554
Y212H,-0.204108969
Y212I,-0.325514146
Y212L,0.837379984
Y212P,-1.026962741
Y212Q,-3.140671464
Y212R,-2.52948306
S213A,-2.279185881
S213E,-0.480737633
S213F,1.16700151
S213G,-0.625208354
S213I,0.003824543
S213K,0.105592154
S213N,0.125179912
S213P,-0.829947462
S213R,-0.21322616
S213T,-2.676530147
S213V,1.16700151
S213W,0.639188459
S213Y,0.105592154
E214A,-1.6770466819999998
E214C,-2.062051219
E214D,-0.918938629
E214G,-0.291709489
E214K,-0.301779221
E214M,-2.377532121
E214Q,-2.260800949
E214R,-1.215142626
E214S,-1.784712454
E214V,-0.449163378
E214W,-1.989161793
E214Y,-0.21929285
S215A,-2.172739924
S215D,-1.360489407
S215F,-1.499767743
S215H,0.988670495
S215I,-3.154337749
S215L,-0.374698085
S215P,-1.627817999
S215T,-1.4735666019999998
S215Y,-5.641290209
L216C,-2.706563678
L216F,-0.998322857
L216I,-0.239341779
L216M,-1.915651605
L216P,-2.12597689
L216Q,-1.135678409
L216R,-2.564484144
L216S,-1.5095377630000002
L216T,0.04023507
L216V,-0.746621511
L216W,-0.191521209
A217D,-2.82584355
A217F,0.380718835
A217N,0.236849855
A217P,-1.150612895
A217S,-0.585356686
A217T,-0.269247898
A217V,-0.433383776
R218C,0.473854331
R218G,-0.907936449
R218H,0.530190961
R218K,0.068389223
R218L,-0.34050813
R218M,0.175521346
R218P,-0.585151568
R218Q,-0.283155327
R218S,0.530190961
R218T,1.16700151
R218V,1.16700151
R218W,-0.40006711
Y219C,-0.33790528
Y219D,-0.7547127990000001
Y219F,-0.5241728689999999
Y219G,1.16700151
Y219H,-0.216502819
G220A,-0.774028814
G220C,-0.742132549
G220D,-1.148276415
G220I,1.16700151
G220N,0.837379984
G220R,-1.455727739
G220S,-0.701521814
G220V,-0.6134861779999999
G220Y,-0.442436401
K221D,1.565973682
K221E,-0.210134446
K221G,-1.97708457
K221I,0.627712791
K221L,0.152781738
K221M,0.6830402409999999
K221N,0.025057958
K221Q,-0.436550573
K221R,-0.205472177
K221S,0.524865513
K221T,0.240504712
K221V,-0.240390032
K221Y,0.872826502
S222C,-0.195183941
S222D,1.565973682
S222F,-1.32548073
S222G,-0.362098309
S222I,-2.356052666
S222L,-1.899720684
S222M,0.378811405
S222N,-1.110449079
S222R,-2.481716629
S222T,-1.126651155
S222V,0.544326457
S222W,-0.097529335
S222Y,-0.188043526
P223A,-0.09985112
P223L,-1.571254426
P223Q,-5.187004419
P223R,-2.7303002610000005
P223S,-0.042597888
P223T,-3.415767724
P223V,-2.880023905
Y224D,-3.152786693
Y224G,-0.753134117
Y224H,-1.263474052
Y224V,-1.30842849
L225S,-1.71952968
Y226C,-0.19939736
Y226H,-0.609742133
Y226S,-0.5400344420000001
P227C,-1.334954276
P227L,-1.119677306
P227M,1.565973682
P227Q,-2.126321705
P227S,-0.946364963
P227T,-5.382559432000001
P227V,-1.045526174
P227W,0.742778279
L228F,-0.34436249
L228G,-1.7048567890000002
L228I,-4.656370525
L228P,-0.447003364
L228R,-1.156057927
L228S,-1.995980861
L228T,0.8728264990000001
L228V,-0.051229965
Y229C,-0.259034162
Y229D,-1.753916422
Y229F,-0.174019738
Y229H,-0.669904856
Y229N,-0.412560158
Y229Q,0.990615824
Y229R,1.565973682
Y229S,-1.624001848
G230A,-1.52377493
G230C,-1.988557672
G230D,-2.2826239
G230F,-3.016089437
G230I,1.7200903630000002
G230N,1.565973682
G230R,-1.458649123
G230S,-2.2488563740000003
G230V,-2.28714311
G230W,0.627712791
L231E,-0.387838479
L231F,-2.031234843
L231P,-2.499858348
L231S,-0.438378399
L231V,-0.052366259
L231W,-1.767407606
L231Y,-1.011521029
G232A,-0.384906153
G232C,-0.13982018
G232D,-0.669692899
G232E,-2.937387217
G232H,1.565973682
G232N,1.565973682
G232R,-1.067682882
G232S,-0.575745168
G232T,1.565973682
G232V,-0.275250747
G232Y,0.144560939
E233D,-0.291018374
E233G,-0.093639436
E233K,-2.006452142
E233N,1.565973682
E233Q,-0.859815145
E233R,-0.050492344
E233V,-2.190026601
E233W,0.544326457
E233Y,1.565973682
L234A,1.565973682
L234E,-0.884100495
L234F,-0.065434389
L234I,0.236840692
L234M,-2.773380674
L234P,-1.737338726
L234Q,-2.17136654
L234R,-2.270375885
L234S,-2.163410115
L234T,-2.5779475780000003
P235A,0.013520425
P235F,0.8728264990000001
P235H,-4.111012519
P235L,-1.563246507
P235N,0.990615824
P235R,-4.102852735
P235S,-0.158878699
P235T,-2.643376436
P235Y,0.8728264990000001
Q236H,-1.749330061
Q236K,-5.749836038
Q236L,-2.268876505
Q236N,0.544326457
Q236P,-0.892771487
Q236R,-1.670115819
Q236W,-0.24038572
G237A,0.5929533060000001
G237C,-0.307783759
G237D,-1.862441906
G237R,-2.279137828
G237S,-0.205442185
G237V,-1.140292664
G237Y,-1.347986448
F238C,-2.1823534380000003
F238L,-1.255013835
F238R,-1.7730397569999998
F238S,-1.735725604
F238V,-1.815102348
A239D,-1.628182654
A239E,-2.406189086
A239G,-2.300649603
A239I,1.565973682
A239L,0.467361392
A239P,-1.446962548
A239R,0.544326457
A239S,-0.897940693
A239T,-0.822486328
A239V,-0.143138838
A239Y,-0.982969705
R240A,-1.447215081
R240D,0.165891511
R240E,0.742778279
R240G,-1.714323674
R240I,-3.582735925
R240K,-2.285560351
R240L,-2.363606836
R240M,-3.105378819
R240N,-1.810062694
R240T,-1.485910509
R240V,-1.889285627
R240W,0.002000482
L241C,-2.252034257
L241D,-0.351193455
L241E,-1.35825197
L241F,-2.629056565
L241G,-0.841967903
L241I,-1.08098566
L241M,-2.604772915
L241P,0.627712791
L241R,-0.088666257
L241S,-0.7864174190000001
L241T,-2.15434546
L241V,-0.02167155
L241W,-2.361698457
L241Y,1.565973682
S242C,0.401517002
S242D,0.099644352
S242E,-2.137404149
S242F,-0.8745365540000001
S242G,-0.05113184
S242I,-2.037044441
S242K,-0.8211173890000001
S242L,-1.145965867
S242M,-0.6569005529999999
S242N,-1.721623097
S242R,-1.4259171
S242T,-1.756368366
S242V,-1.752166325
S242W,-2.04765139
S242Y,0.544326457
A243C,-0.148820723
A243D,-2.785486988
A243E,-0.990387596
A243F,-2.107046661
A243G,-0.8345984240000001
A243L,-0.639508442
A243N,-0.896695803
A243S,-1.282729972
A243T,-1.494111606
A243V,-1.480543869
A243W,-1.7606869019999998
A243Y,1.565973682
I244A,0.8728264990000001
I244D,1.565973682
I244F,-2.163211054
I244L,0.325843543
I244N,0.130143545
I244P,0.627712791
I244S,-1.759033859
I244T,-0.380041259
I244V,-0.434722086
Y245C,0.059744533
Y245D,-2.589730177
Y245H,-0.220641039
Y245N,0.426415655
Y245R,1.565973682
Y245S,-0.50298139
G246A,-1.354814045
G246C,-0.279847714
G246D,1.565973682
G246E,-1.397550087
G246M,-0.623704344
G246R,-0.843896972
G246S,-0.662296764
G246T,-1.314640763
G246V,-2.22068674
G246W,-2.18198535
G247A,0.17184305
G247C,-0.5203855279999999
G247D,0.11254263
G247E,-1.816913682
G247K,0.627712791
G247L,-0.107996464
G247M,-1.512358004
G247Q,1.565973682
G247R,-2.377082517
G247V,-1.344711315
G247W,-2.243983413
T248A,-0.689240829
T248I,-0.210371911
T248K,-2.79929524
T248L,0.022538137
T248M,-0.068159807
T248P,-1.696905424
T248R,-0.070316931
Y249C,-0.397311078
Y249D,-2.575387703
Y249F,-0.5323475329999999
Y249H,-0.086687028
Y249K,-0.818876478
Y249N,-0.176130261
Y249S,-2.325249621
M250A,0.544326457
M250I,-0.127082792
M250K,-0.064557284
M250N,0.627712791
M250R,-1.295849616
M250T,-1.16948452
M250V,-0.350109019
L251F,-0.49241017
L251I,0.627712791
L251M,-2.193642972
L251P,-1.755465003
L251Q,-0.605544395
L251R,-1.01337809
L251S,-1.394229551
L251T,1.565973682
L251V,0.154033709
N252A,-1.390088684
N252D,-0.0830792009999999
N252E,0.627712791
N252F,1.565973682
N252G,-1.56539424
N252H,-0.073114836
N252K,-0.837697072
N252L,-0.173128553
N252M,0.553935551
N252P,0.767934575
N252Q,0.405924705
N252R,-0.063736932
N252S,-0.17152272
N252T,-1.4744252130000002
N252V,-2.572021647
N252W,-2.383853555
K253D,0.627712791
K253E,-0.851331508
K253G,1.565973682
K253N,-2.1384086890000003
K253Q,0.668148734
K253R,-0.104086185
K253S,-2.475121847
K253T,0.173534571
K253Y,0.742778279
P254A,-0.6853938820000001
P254F,1.565973682
P254H,-1.817698232
P254L,-0.496461599
P254Q,0.627712791
P254R,-1.118290847
P254S,-0.132399607
P254T,-1.846290615
P254Y,1.565973682
V255A,-0.708623945
V255D,0.8728264990000001
V255E,-1.35215892
V255F,-1.494324825
V255G,-1.139625856
V255I,0.990615824
V255K,1.565973682
V255L,-0.627216161
V255M,-1.382819475
V255S,0.544326457
V255T,0.627712791
D256C,0.134031108
D256G,-0.317649993
D256I,0.627712791
D256N,-0.662286551
D256R,-2.005119279
D256V,0.289372883
D256Y,-0.782194418
D257A,0.726932455
D257C,1.565973682
D257E,-4.52625724
D257G,0.083094566
D257H,-2.380197269
D257I,1.565973682
D257N,-0.8899484679999999
D257R,1.565973682
D257S,1.565973682
D257T,1.565973682
D257V,-0.927542629
D257W,-0.363968272
D257Y,-1.003452031
I258A,1.565973682
I258F,-0.240829971
I258L,-0.110158165
I258N,-0.534757006
I258R,-1.772144713
I258S,-1.369693885
I258T,-1.492427625
I258V,-0.077973264
I259A,-0.6889891309999999
I259D,0.690975325
I259L,-0.385498375
I259N,-2.169330749
I259P,-1.717111266
I259R,1.222532013
I259S,-1.56834419
I259T,-0.6901223959999999
I259V,0.046868718
M260F,1.222532013
M260I,-0.104857555
M260K,-0.098955962
M260L,0.5672738860000001
M260R,0.074653823
M260S,-0.544616488
M260T,-0.851273469
M260V,-0.325238477
M260W,-1.028754214
E261A,0.032456234
E261D,-0.929706888
E261G,-0.36651481
E261I,0.2269514
E261K,-0.096986832
E261L,1.222532013
E261Q,-0.585880159
E261R,-0.435830504
E261V,-0.563507455
E261W,1.222532013
N262C,0.690975325
N262D,-0.13436531
N262E,0.672796878
N262G,0.058887862
N262H,-0.404285046
N262I,-2.020115316
N262K,-0.794564624
N262P,-0.002171857
N262R,0.690975325
N262S,-0.013651206
N262T,-1.511092565
N262Y,-3.1482437360000004
G263A,-0.536758534
G263C,-0.660135221
G263D,-0.239394779
G263F,-0.7172992770000001
G263I,0.690975325
G263R,-0.241202087
G263S,-0.468573791
G263V,-2.023380146
G263Y,-0.7062069809999999
K264E,-0.484442629
K264F,-1.090472334
K264G,1.222532013
K264H,1.222532013
K264I,0.225946818
K264L,-0.80623936
K264M,-2.105774932
K264N,-0.5318259
K264Q,0.280804232
K264R,0.236394831
K264T,-0.9507846
K264W,-0.002171857
K264Y,0.5293848320000001
V265A,-0.178341521
V265D,0.14124019
V265E,-1.865403416
V265F,-1.402594179
V265G,-1.706503617
V265H,-0.176769541
V265I,-1.147592966
V265K,0.921842748
V265L,-0.405483205
V265M,-0.913367708
V265N,-1.2373303
V265S,1.222532013
V266A,-0.458313868
V266D,1.222532013
V266E,-0.149380681
V266F,0.5293848320000001
V266G,-0.326614851
V266I,0.921842748
V266L,-0.129056263
V266M,-0.209517309
V266R,-1.452160998
V266S,-2.239025809
V266T,0.921842748
V266W,0.362611444
G267A,-0.143462536
G267C,-0.952516144
G267D,-2.672257517
G267E,-1.79986555
G267F,-1.879468369
G267H,-1.911853307
G267I,-1.123372125
G267K,-0.723378137
G267M,-1.7694352219999998
G267N,-0.642337781
G267P,-0.317155144
G267R,-1.747228915
G267S,-1.076116551
G267V,-1.454780756
G267W,-3.1265701010000004
G267Y,-0.212928413
V268A,-1.455794557
V268G,-2.111927217
V268I,0.5293848320000001
V268L,-0.6810281690000001
V268M,-1.392114352
V268R,-2.627277461
V268S,0.5293848320000001
K269C,0.636720775
K269E,-0.125109435
K269F,-2.545955724
K269G,1.222532013
K269H,-0.799128542
K269I,-2.034081573
K269L,-0.435707164
K269M,-0.239947876
K269N,-0.402320247
K269Q,-0.840515865
K269R,0.065806622
K269S,0.096610175
K269T,0.234947928
K269W,0.291523199
K269Y,-0.952937214
S270A,0.151881413
S270D,-2.220415669
S270E,-0.997177328
S270F,-0.162742547
S270G,-0.377311347
S270K,-1.776092161
S270L,-0.8708348920000001
S270P,-1.631766236
S270T,-0.142673425
S270V,0.000178842
S270W,-2.201080133
S270Y,-5.535685203
E271A,-0.450113136
E271D,-0.192785063
E271G,-0.136083122
E271H,-0.163762349
E271K,-0.245243513
E271L,-0.325373067
E271M,-1.480413305
E271N,0.123919723
E271P,-1.310266193
E271Q,0.437075411
E271R,-0.192437153
E271S,-1.606864669
E271T,-2.0000679690000003
E271V,-1.672590554
E271W,-2.028728122
E271Y,0.690975325
G272A,-0.8919283029999999
G272D,1.040327708
G272E,-0.090255807
G272I,0.921842748
G272K,-1.287580639
G272L,-0.519027812
G272M,-0.411942263
G272N,-0.340990054
G272Q,0.5293848320000001
G272R,-0.599380802
G272S,-0.703030774
G272V,-1.320212167
G272W,-1.348683993
E273A,-0.082550573
E273D,-0.586621682
E273G,-0.005729097
E273H,-1.569020524
E273I,-1.28994783
E273K,-0.4625559520000001
E273L,0.416349304
E273M,-1.60293932
E273N,0.174936025
E273Q,-0.33029845
E273R,-1.244664008
E273W,1.222532013
E273Y,0.5293848320000001
V274A,-0.71162617
V274E,-0.8193210129999999
V274F,0.4333571470000001
V274G,-1.5970701319999998
V274L,-0.20844436
V274M,0.207866752
V274T,1.222532013
A275D,-5.415344502999999
A275F,-0.002171857
A275G,-0.581730847
A275H,0.586288344
A275P,-1.756635225
A275Q,0.55564795
A275R,-1.563738986
A275S,-0.993129075
A275T,-0.3582216579999999
A275V,-0.282079866
A275Y,0.690975325
R276C,-0.353780093
R276F,0.07332727
R276G,0.336504051
R276H,-0.453862727
R276L,-0.665915638
R276N,0.690975325
R276P,-0.14035168
R276S,-5.885154461
R276T,1.222532013
R276Y,0.606919687
C277F,-1.952647878
C277G,-1.272430447
C277H,0.367780767
C277R,-1.840080923
C277S,-0.614353532
C277W,-1.745472987
C277Y,-1.667742818
K278A,0.235929472
K278C,-0.178008601
K278D,1.222532013
K278E,-0.410148737
K278G,1.222532013
K278H,1.175496224
K278I,-0.675483657
K278M,-0.6993578909999999
K278N,-0.212662389
K278Q,-0.495752603
K278R,0.130890926
K278S,0.333988433
K278T,-0.273964656
K278V,0.606919687
K278W,0.367780767
K278Y,1.222532013
Q279C,0.058887862
Q279D,-2.001071136
Q279E,-2.169887207
Q279G,-1.240572727
Q279H,-1.010992474
Q279K,-0.6999792890000001
Q279L,-0.419685322
Q279R,-0.196869244
Q279W,0.690975325
L280A,-0.270605144
L280D,-1.97923288
L280E,0.123919723
L280F,0.30108349
L280H,1.447673912
L280M,-4.351896498
L280P,-2.002116041
L280Q,-1.384862641
L280R,-2.014254805
L280S,-3.560299934
L280T,-3.164028661
L280V,0.268720637
L280W,-2.095418949
I281D,1.222532013
I281F,-1.236150354
I281G,0.690975325
I281L,-0.171618473
I281M,-0.23200764
I281N,0.6785435740000001
I281S,-1.5919206380000002
I281T,-1.39317228
I281V,0.007523886
C282F,-1.624931175
C282G,-1.212684985
C282H,0.690975325
C282P,1.222532013
C282R,-1.896914295
C282S,0.324561914
C282V,0.921842748
C282W,-0.86929268
C282Y,-1.532975428
D283A,0.014851928
D283C,0.4333571470000001
D283E,-4.058555903
D283F,-0.434949609
D283G,-0.268573453
D283H,-0.358429055
D283K,1.222532013
D283L,-1.668802226
D283N,-0.65660893
D283Q,-1.689107212
D283T,0.106614128
D283V,-1.942570856
D283Y,-2.274616659
P284A,-0.860745434
P284F,-1.95643148
P284H,-4.76263083
P284I,0.606919687
P284L,-1.568433992
P284Q,1.222532013
P284S,-0.434777955
P284T,-3.1992133760000003
P284V,1.222532013
S285C,0.119219942
S285G,-0.055454534
S285I,-1.07877106
S285K,1.222532013
S285N,-0.218496389
S285R,-1.224467009
S285T,-0.588670103
S285V,-0.844730434
Y286C,-1.187206092
Y286D,-1.774372321
Y286F,0.102761082
Y286H,-0.525858
Y286R,0.5293848320000001
Y286S,-0.456609427
Y286V,-1.162373569
Y286W,1.222532013
I287A,1.222532013
I287D,-0.0130597999999999
I287F,-1.424125026
I287L,-0.668092922
I287N,0.387560079
I287S,-0.088047666
I287T,-0.309899998
I287V,0.314130621
P288A,0.460089292
P288C,-0.701318388
P288H,-1.075595839
P288K,-1.859528574
P288L,-0.484656426
P288M,0.921842748
P288Q,-2.125441615
P288R,0.12551547
P288S,-0.320947424
P288T,-3.183755575
P288W,0.057184553
P288Y,-2.140040025
D289A,-0.065844429
D289C,-1.062109642
D289E,-0.690629865
D289F,-0.183272939
D289G,-0.190461283
D289H,0.416212216
D289I,-0.013059802
D289K,-0.278906817
D289L,-1.846931486
D289M,-0.507076393
D289N,-0.216196057
D289S,-2.26723936
D289V,-0.6929445009999999
D289W,0.374965321
D289Y,-0.934948952
R290C,-0.747857133
R290F,-0.758606847
R290G,0.78337959
R290H,-0.262721676
R290I,-0.163762349
R290L,-0.309021008
R290N,0.174936025
R290P,-0.729762453
R290Q,1.222532013
R290S,-1.852609126
R290Y,0.921842748
V291A,-0.150022231
V291E,-0.8837216109999999
V291G,-0.602230267
V291I,0.921842748
V291L,-1.011471899
V291M,-1.1057811000000002
V291S,0.123919723
R292A,-1.807250941
R292C,0.040403859
R292D,-2.631534893
R292E,-0.434575354
R292F,0.0648854859999999
R292G,-0.5973115410000001
R292H,-0.394990968
R292I,0.084570286
R292K,1.222532013
R292L,-0.299832029
R292M,-1.966583019
R292P,-1.107412383
R292Q,-0.114469893
R292S,-1.354455673
R292T,0.606363649
R292V,-1.586522396
R292W,-0.357478002
R292Y,-0.657466067
K293D,-0.603049591
K293E,-0.28997723
K293G,-0.7062069809999999
K293I,0.14777235
K293M,-0.239889384
K293N,-0.503133728
K293Q,-2.310022779
K293R,-0.0135611189999999
K293S,0.690975325
K293T,-2.080303682
K293W,0.672796878
A294C,0.921842748
A294D,-3.58251906
A294E,-0.464451613
A294F,0.552293751
A294G,-1.629436165
A294P,-1.766255532
A294S,-0.041791051
A294T,-0.8134624140000001
A294V,0.056999347
A294Y,1.222532013
G295A,-0.080141514
G295C,-0.380256397
G295D,-0.585169356
G295E,0.113632211
G295F,-0.57951497
G295I,-0.169958735
G295L,-0.441306635
G295R,-0.350686561
G295S,0.114682595
G295V,-0.60792831
G295W,0.302507629
G295Y,0.203617292
Q296C,-1.908364658
Q296H,-0.596231589
Q296K,-5.492786144
Q296L,-0.052410354
Q296N,-0.3906395520000001
Q296P,-1.372174385
Q296R,-0.094173742
Q296S,-2.279308546
Q296W,-0.348199199
V297A,-0.250514968
V297F,-0.9467907
V297G,-2.352321891
V297I,-0.528790179
V297R,-1.432170056
V297S,0.839743427
V297T,0.113632211
V297Y,-1.088706151
I298A,1.667182161
I298C,-1.115745468
I298D,0.302507629
I298E,-1.436619843
I298L,-0.493194031
I298M,-1.844445013
I298N,-0.469694201
I298R,-2.216525013
I298S,-0.861803946
I298T,-0.8476357840000001
I298V,-0.493459619
R299C,-2.095562391
R299F,-0.169958735
R299G,-2.835947632
R299H,-0.975790796
R299L,-1.998798955
R299P,-2.237752919
R299Q,0.302507629
R299S,-5.534894191
R299T,0.113632211
R299V,-2.274886693
R299W,-2.691456122
I300A,-2.061005029
I300C,-2.551184551
I300D,-0.7090215809999999
I300F,-0.503784542
I300G,-1.082920643
I300H,-1.885315215
I300K,-1.007955477
I300L,-1.6091067369999998
I300N,-0.734047736
I300P,-2.197465801
I300Q,-2.564191953
I300R,-3.00633472
I300S,-0.868238341
I300T,0.124342507
I300V,0.060897495
I300W,0.113632211
I300Y,-2.414919916
I301L,0.331917807
I301M,-0.361266506
I301N,0.317068386
I301R,-0.506087419
I301S,-0.47612794
I301T,-0.002869764
I301V,-0.065364855
I301W,0.319782819
C302F,-1.085993092
C302G,-0.055127032
C302H,0.113632211
C302L,0.302507629
C302R,-1.982036757
C302S,0.217972284
C302W,-2.010563427
C302Y,-0.590801836
I303A,0.302507629
I303F,-0.6527496970000001
I303G,-0.743481555
I303K,0.302507629
I303N,-0.249956827
I303S,-0.907467915
I303T,-0.408205129
I303V,0.194748594
L304A,-0.573538332
L304C,-1.040532246
L304D,-1.792274564
L304F,-0.20853263
L304G,1.3552565
L304H,-4.019856082
L304I,-2.107772231
L304K,-2.309725848
L304M,-0.169958735
L304N,-0.115962962
L304P,-1.77589513
L304Q,-1.6969901719999998
L304R,-1.973140122
L304S,-1.956298468
L304V,-0.285354326
L304W,-0.958807871
L304Y,-0.6541705560000001
S305C,-2.205139332
S305G,-0.121429608
S305I,-1.073721942
S305N,-0.032474347
S305R,-2.272801819
H306L,-3.942613645
H306N,-5.865869817
H306P,-1.35155548
H306Q,-1.366847057
H306R,-0.782967394
H306Y,-1.325680717
P307A,-1.196036277
P307H,-3.448478924
P307I,-0.57951497
P307L,-0.436042724
P307R,-1.773395401
P307S,-0.328109095
P307T,-0.442061219
P307W,-0.232751332
I308D,0.302507629
I308F,-0.24040986
I308K,0.113632211
I308L,-0.818649045
I308N,-0.723899319
I308S,-2.397220101
I308T,-1.053660943
I308V,-0.261773229
K309A,0.302507629
K309C,0.13385639
K309D,0.330703457
K309E,-0.1432174269999999
K309G,-0.535534253
K309N,-1.0961282490000002
K309Q,-0.879263198
K309R,-0.097881201
K309S,0.24541581
K309T,-0.135465414
K309W,-0.340733111
K309Y,-0.510523968
N310A,0.302507629
N310C,-1.088706151
N310D,-0.212895177
N310E,-0.232751332
N310F,-0.615852362
N310H,0.226201324
N310I,-3.295534038
N310K,-2.33779494
N310L,0.578355295
N310M,-1.122131278
N310Q,-0.79610466
N310R,-2.686544469
N310S,-0.347793766
N310T,-0.8126524959999999
N310V,-2.102891584
N310Y,-0.016873771
T311A,-0.34371002
T311I,-0.400298011
T311K,-0.169958735
T311M,-1.911258338
T311N,-2.9150616730000003
T311P,-1.5996975080000002
T311R,-2.192652225
N312D,-0.246326216
N312E,0.302507629
N312F,-0.5979837960000001
N312G,0.8243536220000001
N312H,0.386696888
N312I,-1.194894855
N312K,-1.460072948
N312L,0.634491105
N312P,-1.660915608
N312Q,-0.54787679
N312R,-0.504997464
N312S,-0.158895525
N312T,0.321276905
N312V,0.113632211
N312Y,0.412618123
D313A,-1.089881972
D313C,-0.001815656
D313E,-2.96013128
D313F,-2.204955263
D313G,-0.030827638
D313H,0.293463034
D313N,-0.009748053
D313S,0.336024804
D313V,-0.117418407
D313Y,-1.103134172
A314D,-1.351976267
A314G,-0.563375876
A314P,-1.532932696
A314R,-1.457388846
A314S,-0.5903044789999999
A314T,-0.372806202
A314V,-0.28650596
A314Y,0.302507629
N315C,-1.228681433
N315D,-0.265511391
N315G,-0.285406602
N315H,0.387605822
N315K,-0.736667602
N315L,-0.6964670209999999
N315M,0.530564455
N315S,-0.392533102
N315T,-0.237712664
N315W,0.113632211
S316A,-0.07677712
S316C,0.134432671
S316D,0.572987473
S316E,-1.371171149
S316F,-2.890866476
S316G,-2.250233921
S316H,-3.984293415
S316I,-1.6804522430000002
S316K,-0.883200732
S316L,0.562569069
S316M,0.302507629
S316N,-0.128076764
S316P,-1.61084256
S316Q,-1.5370184269999998
S316R,-3.738422961
S316V,-1.386809456
S316W,-2.847021969
S316Y,-5.410130027
C317A,0.278988175
C317D,-1.299847147
C317E,-1.83046996
C317F,-1.378295065
C317G,-0.439324196
C317H,-1.197220672
C317I,-0.601970326
C317K,-0.925898513
C317L,-0.434884434
C317M,-0.151027892
C317N,-0.99789809
C317P,-2.479003516
C317Q,-0.8949949970000001
C317R,-1.72694468
C317S,-0.556479995
C317T,-1.7312336119999998
C317V,-0.958588084
C317W,-1.397137124
C317Y,-1.454170221
Q318A,-0.935471407
Q318D,-0.183332073
Q318E,-0.130394027
Q318K,-6.023591049
Q318P,-2.151624092
Q318R,-0.62329927
I319K,-1.781229761
I319L,-0.295767201
I319M,-0.282330794
I319N,-1.102899268
I319T,-3.105891732
I319V,-0.575092637
I320L,-0.8418121759999999
I320N,-1.800439953
I320T,0.084958743
I320V,0.24636752
I321A,-2.504144865
I321D,-0.654520063
I321F,-0.172785788
I321G,-0.339451069
I321K,0.302507629
I321L,-0.670265927
I321R,-1.96376586
I321S,-3.184523963
I321T,-1.656804963
I321V,-0.460700755
P322F,-2.035141032
P322H,-4.430382108
P322I,0.113632211
P322L,-1.7213524059999998
P322N,0.302507629
P322Q,0.113632211
P322S,-0.5914951070000001
P322T,-4.874886788
P322V,-1.268571023
Q323H,-0.5095488229999999
Q323K,-1.208109957
Q323L,-0.459160695
Q323N,0.302507629
Q323P,-0.431596901
Q323R,-0.147213118
Q323V,-1.6628562409999998
Q323W,0.717882173
Q323Y,-0.232751332
N324D,-0.103855159
N324E,0.113632211
N324H,-1.299776465
N324K,-3.555050855
N324S,-0.085098995
N324T,-0.491816024
Q325H,-0.520002643
Q325K,-3.119120951
Q325L,-0.335523382
Q325N,0.113632211
Q325P,-0.6080187979999999
Q325R,-0.148876755
Q325W,-0.169958735
Q325Y,-0.7676300540000001
V326A,-0.06497169
V326C,-0.436502969
V326D,-1.270513604
V326E,-0.131462399
V326F,-0.065912904
V326G,-0.361755595
V326I,0.017797676
V326L,0.261381422
V326M,-0.835680323
V326Q,-1.412226451
V326S,-1.901637142
V326T,0.182623213
V326W,-0.188835669
V326Y,-1.558239734
N327A,0.601218864
N327D,-0.095906027
N327E,-0.7313299129999999
N327F,0.302507629
N327G,-1.738902758
N327H,0.019846316
N327K,-2.091948666
N327L,-2.194277981
N327M,0.203617292
N327P,-1.182677069
N327R,0.342706315
N327S,-0.248851354
N327T,-0.683014693
N327Y,-1.584034524
R328E,0.302507629
R328G,-0.416913446
R328H,0.088169425
R328K,-0.265885488
R328M,-1.272599609
R328Q,0.113632211
R328S,-0.770015071
R328T,-2.913063549
R328V,-2.247936928
K329D,-0.277957495
K329E,-0.229750669
K329F,0.047542329
K329G,-0.177829006
K329I,-0.30259564
K329L,0.991558371
K329M,-0.707874984
K329N,-0.8531947040000001
K329Q,-0.963422828
K329R,0.0226918
K329T,-0.621224569
K329V,-0.146314388
K329W,0.302507629
K329Y,0.541857787
S330A,-0.184575772
S330C,-2.563989386
S330E,0.8170897340000001
S330G,-0.979521514
S330I,-0.7198986490000001
S330K,0.351711704
S330L,-1.899296316
S330P,-1.853103156
S330Q,0.113632211
S330R,-0.143853583
S330T,-0.480422844
S330V,-1.331363621
S330W,-0.8857640370000001
S330Y,-1.05974134
D331A,-1.434903562
D331C,0.302507629
D331E,-2.4729008
D331G,-0.5651713279999999
D331I,0.302507629
D331K,0.113632211
D331N,-0.372016292
D331V,-1.664908281
D331Y,-1.7755410980000002
I332D,-2.740335702
I332L,-0.984702215
I332M,-1.032867141
I332N,-1.1581950090000002
I332S,-2.073353412
I332T,-1.170141435
I332V,0.065251984
Y333C,-0.02238486
Y333D,-0.668336093
Y333F,0.935459057
Y333H,0.331296275
Y333L,-0.5804760760000001
Y333N,-1.087020076
Y333Q,-1.105369081
Y333S,0.367089211
V334A,-0.931312495
V334D,-0.782180505
V334E,-2.033217467
V334F,-1.577771599
V334G,-1.810412534
V334I,-0.089033324
V334L,-0.536420582
V334M,-1.130982409
V334R,-2.259046451
V334T,-1.562608952
C335D,0.020060721
C335F,-0.501530927
C335G,0.603973718
C335H,0.528626838
C335L,0.736075435
C335R,-2.245169885
C335S,0.129490814
C335W,-3.041093408
C335Y,-0.729073757
M336E,0.528626838
M336G,0.042928255
M336I,-0.11504778
M336K,-0.934761631
M336L,-0.852926007
M336N,0.528626838
M336R,-1.976000905
M336T,-0.101684909
M336V,-0.294140042
I337D,-0.187387876
I337F,-0.283424248
I337G,0.528626838
I337M,0.001790935
I337R,0.120528102
I337S,0.429307882
I337T,-0.155302894
I337V,-0.336209555
S338A,-0.133322894
S338C,0.29688111
S338D,0.528626838
S338F,-2.141240884
S338H,-0.471630899
S338P,-1.786869731
S338T,-0.442810555
S338Y,-3.5632404
Y339C,-0.030205237
Y339D,0.561801357
Y339F,-1.867208117
Y339H,-0.173630661
Y339N,-0.78793136
Y339R,0.736075435
A340E,-4.934386292
A340G,0.108064419
A340P,-3.333057928
A340S,-1.237460051
A340T,0.277903117
A340V,0.277963072
H341C,0.396581404
H341F,0.736075435
H341L,-0.227977383
H341N,-3.3561559830000003
H341P,-0.8097646629999999
H341Q,-4.104260704
H341R,-1.689900964
H341S,-0.362536853
H341T,-0.621413805
H341Y,-0.149159572
N342D,-0.11788052
N342E,-1.26517388
N342G,-0.362536853
N342H,-0.81476751
N342K,-0.246728767
N342R,0.736075435
N342S,-0.118401631
N342T,0.013800519
N342Y,0.140728003
V343A,-0.219697311
V343E,-2.015107867
V343F,0.736075435
V343G,-2.306360491
V343I,0.736075435
V343L,-1.752728984
V343M,-1.683535232
V343W,0.736075435
A344D,0.528626838
A344E,-5.695253628
A344G,-1.144846664
A344K,0.528626838
A344M,0.528626838
A344P,-1.4616132080000002
A344S,-1.241463726
A344T,-0.512659464
A344V,-0.547279455
A345D,-2.27788418
A345E,0.528626838
A345G,0.5166597829999999
A345P,-0.0720619629999999
A345S,-0.654428558
A345T,-0.480682158
A345V,-0.369849045
Q346D,-1.133790937
Q346E,-0.924424353
Q346G,-1.057444071
Q346H,-0.170485247
Q346K,-5.514898685
Q346L,-0.076580019
Q346M,-0.5720267
Q346P,-0.324206887
Q346R,-0.020406336
Q346S,-0.015146968
Q346W,0.310629287
Q346Y,0.256575024
G347A,-0.05891785
G347C,-0.467263587
G347D,-0.647063014
G347E,0.681418567
G347I,-1.879404185
G347K,0.736075435
G347L,-1.408550719
G347Q,0.218077232
G347R,-1.127319882
G347S,-1.068352491
G347T,-1.999817248
G347V,-1.513245206
G347Y,0.736075435
K348A,0.528824495
K348D,0.042928255
K348E,-0.507525673
K348G,0.240362447
K348I,0.528626838
K348N,-0.024955615
K348Q,-0.728138815
K348R,0.02380313
K348S,0.291622056
K348T,-0.009411856
K348V,0.256575024
K348W,0.528626838
K348Y,0.528626838
Y349C,-0.48771358
Y349D,-1.945987807
Y349E,0.62698139
Y349H,-0.2997111
Y349I,0.528626838
Y349K,0.736075435
Y349L,0.256575024
Y349M,-1.399400081
Y349R,-0.194519908
Y349S,-1.138568341
Y349V,-1.35879956
Y349W,-0.370097099
I350A,-1.703793032
I350K,-0.509955718
I350L,-0.19757892
I350M,-0.7816387509999999
I350R,-1.183016947
I350T,-0.423485578
I350V,0.129684108
A351D,-2.7859010860000004
A351F,-0.505502044
A351G,-2.031394519
A351I,0.528626838
A351L,-1.069972591
A351N,0.736075435
A351P,-1.7533321590000002
A351R,-2.221412716
A351S,-1.304138527
A351T,-0.500427388
A351V,-0.258969928
I352A,-1.894472547
I352C,0.430174933
I352E,0.110695362
I352G,-2.183654056
I352K,-0.01310572
I352L,-2.214387918
I352M,-0.0161385169999999
I352N,0.198069925
I352R,-0.677127732
I352S,-1.887836965
I352T,-1.395943343
I352V,-1.52362485
I352W,-0.374356139
A353C,-2.088137089
A353D,-5.151249814
A353F,-1.914492933
A353G,-0.207223932
A353L,0.553823999
A353P,-0.093654404
A353S,-1.855608413
A353T,-0.172705555
A353V,0.00888284
A353W,-2.142093778
S354C,-0.883030214
S354G,-0.437355358
S354H,0.528626838
S354I,-1.699519156
S354N,-0.747607205
S354R,-1.695430199
S354T,0.179588157
S354V,0.027877407
T355A,-0.156771379
T355D,0.736075435
T355I,-1.382505164
T355N,-3.868514105
T355P,-3.22762745
T355S,0.267541297
T356A,-0.170191406
T356I,-0.494828458
T356N,-2.508417056
T356P,-0.108710513
V357A,-0.2738685
V357D,-0.164520343
V357E,-1.488466633
V357F,0.62698139
V357G,-0.589310061
V357H,-1.666974198
V357I,-1.757681697
V357L,-0.488064768
V357M,0.073663274
V357Q,0.736075435
V357R,0.103416816
V357S,-0.101977507
E358A,-0.984016618
E358D,-2.182319899
E358G,-1.04955251
E358K,-0.902185897
E358N,-0.364578102
E358Q,-1.59785599
E358R,-0.896663876
E358S,0.5841749820000001
E358T,0.528626838
E358V,-2.11708919
E358W,-0.164520343
E358Y,0.736075435
T359A,-0.8255026740000001
T359D,0.528626838
T359F,-2.746060978
T359G,0.266120085
T359H,0.528626838
T359I,-2.509994667
T359K,-0.640438484
T359L,-0.906830954
T359M,-1.185131672
T359N,-4.053773243
T359P,-1.7336920619999998
T359R,-0.971948917
T359S,-0.475577131
T359W,-0.505502044
T359Y,-1.164778079
T360A,-0.151005182
T360E,0.666265792
T360K,-4.280539255
T360L,1.6484782690000002
T360M,-0.167782223
T360N,0.62698139
T360P,0.022483672
T360R,-1.595719927
T360S,-1.579035039
T360V,0.331820381
D361A,-0.0845055109999999
D361E,-1.93787208
D361G,-0.67636315
D361K,0.528626838
D361N,-0.298926376
D361S,-0.187387876
D361V,0.214107699
D361Y,-0.675976158
P362A,-0.244216235
P362F,-0.116551782
P362H,-3.279912632
P362L,-1.253711448
P362Q,-1.732386471
P362S,-0.800264834
P362T,-3.622430644
E363A,-1.160876636
E363C,-0.362536853
E363D,0.125297034
E363G,-0.125543109
E363K,-1.112211383
E363L,1.365542887
E363N,-1.209350547
E363Q,0.164459946
E363R,-0.229807082
E363V,-2.019496142
K364A,-0.041980946
K364E,-0.020281654
K364G,0.1609237969999999
K364H,0.62698139
K364I,-0.309769383
K364L,-1.6756037030000002
K364N,-0.725017395
K364P,0.915278933
K364Q,0.455738098
K364R,-0.1333217
K364S,-1.0653015
K364T,-0.025546529
K364V,0.424940611
K364Y,0.736075435
E365A,-1.5416256940000002
E365D,-0.8071406
E365G,-1.384544978
E365I,-1.456680737
E365K,-1.868322225
E365L,-1.497927925
E365N,-1.684294784
E365P,-1.0296483090000002
E365Q,-0.730955235
E365R,-1.044323201
E365S,-1.843883807
E365T,-1.229263147
E365W,-0.8440785140000001
E365Y,-2.402777681
V366A,-0.122040792
V366D,-2.123810937
V366E,-4.453958203
V366G,-1.385919069
V366K,-2.153189606
V366L,-0.060188505
V366M,-0.032021226
V366P,-0.060205024
E367A,-0.200788598
E367C,0.736075435
E367D,-1.136445303
E367G,0.048759296
E367H,0.473847265
E367K,-0.5746040689999999
E367L,0.17485162
E367Q,-0.273740386
E367R,0.62698139
E367V,0.212601827
E367Y,-1.902183825
P368A,0.142418283
P368H,-0.61436663
P368L,-0.461065751
P368M,0.256575024
P368Q,-2.655605577
P368R,-1.700486775
P368S,-0.227372758
P368T,-5.029063303
A369D,-4.87479101
A369E,-0.255164917
A369F,-0.7360719729999999
A369G,-0.193880765
A369H,-1.747364769
A369I,0.111223846
A369K,-1.5515846269999998
A369L,-1.551262816
A369N,0.510839629
A369P,-3.885703399
A369Q,-2.570438389
A369R,-1.6861111130000002
A369S,-0.900922514
A369T,-0.8308757459999999
A369V,-0.015722402
L370C,-0.954947956
L370F,-0.306111862
L370G,-1.262002953
L370M,-2.0186567440000003
L370P,-2.082196375
L370Q,0.014448824
L370R,-0.772550458
L370S,0.387035318
L370T,0.652166319
L370V,-0.6390348920000001
L370W,-0.314530738
E371A,0.134989493
E371C,0.030950996
E371D,-0.773620883
E371G,0.079181396
E371K,-0.064792234
E371L,-1.634301217
E371Q,-0.609924763
E371R,0.101613947
E371V,-1.811968764
E371W,-0.542283133
L372A,-0.218441209
L372C,-1.6247660680000002
L372E,-1.039706391
L372F,-0.114138786
L372G,-1.5754683930000002
L372H,-0.453233106
L372I,-0.189174033
L372M,-4.424375501
L372N,-1.826956591
L372P,-1.169712194
L372Q,-1.702110903
L372R,-0.526279151
L372T,-2.068466963
L372W,-1.35077278
L373A,-1.23599417
L373C,-3.365431015
L373D,-1.639206806
L373E,-1.6122518819999998
L373F,-0.755881913
L373G,0.49473412
L373H,-0.241033189
L373I,-0.314628221
L373K,0.652166319
L373M,-0.70098955
L373P,-0.6083626679999999
L373R,-1.759295826
L373S,-1.822992362
L373T,-1.410409775
L373V,0.0730443059999999
L373W,-1.752049855
L373Y,0.8434473709999999
E374D,-0.911425507
E374F,-0.185368839
E374G,0.02789643
E374H,0.261678612
E374K,-0.464834831
E374L,-2.397737712
E374P,-2.7125139810000003
E374S,0.270296602
E374V,-0.181350515
E374W,0.652166319
E374Y,0.008607075
P375A,-0.915007738
P375D,-1.7604005530000002
P375H,-5.643701926
P375I,-0.964186984
P375L,-1.5050078340000002
P375R,-3.724350531
P375S,-1.045868351
P375T,-5.294580819
I376D,0.652166319
I376F,-3.195047602
I376G,-2.246970585
I376L,-1.111543135
I376M,0.054553939
I376N,-3.26717812
I376S,-2.544853586
I376T,-0.592818641
I376V,-0.127509824
D377A,-0.469102074
D377C,-0.495807675
D377E,-3.959655325
D377G,-0.405120744
D377H,0.090610159
D377N,-0.085641985
D377S,0.387035318
D377Y,-1.634587033
Q378H,-0.787634754
Q378K,-5.358378056
Q378L,-1.242454893
Q378N,0.652166319
Q378P,-1.69943999
Q378R,0.067532551
Q378W,-0.7235830940000001
Q378Y,0.652166319
K379D,-0.371704584
K379E,-0.55592182
K379G,-0.507138715
K379H,-0.026883477
K379I,-0.040980861
K379L,-1.157860352
K379M,-1.3541462359999998
K379N,-1.287400358
K379Q,0.36090688
K379R,-0.150580045
K379S,-1.373078442
K379T,-0.580911479
K379V,-1.979258029
F380E,-0.677902351
F380I,0.140536485
F380L,-0.072704506
F380M,-1.947258881
F380S,-1.314768033
F380T,-1.010123719
F380V,0.351530059
F380Y,-0.748796775
V381A,-0.34746994
V381D,0.387035318
V381E,-1.772106182
V381G,-0.813271607
V381I,-0.758516902
V381K,0.652166319
V381L,-0.500110436
V381M,-0.229139099
V381N,-2.8019492510000004
V381R,-4.125812732
V381T,0.387035318
V381W,1.080182497
A382C,-1.703040387
A382D,-5.323896728999999
A382E,-0.114138786
A382G,-0.431461685
A382N,0.481422077
A382P,-3.538131144
A382S,-0.588176099
A382T,-0.101013054
A382V,-0.302624918
I383C,0.150300191
I383G,-1.657708254
I383L,-0.347091409
I383M,0.003743928
I383N,-0.172205641
I383S,-1.868829875
I383T,-0.135662115
I383V,0.18591331
S384A,-3.607670115
S384C,-0.609476029
S384D,-1.25785672
S384F,-0.058344946
S384G,0.05437758
S384I,-0.7216767609999999
S384L,-1.193615467
S384M,-0.103721911
S384N,-1.164382055
S384R,-0.11943178
S384T,-0.5601854620000001
S384W,0.155259669
D385A,-0.309016881
D385C,-0.01842979
D385E,-2.647267071
D385F,-1.554447901
D385G,-0.195926769
D385H,-1.6662123830000002
D385I,1.080182497
D385N,-0.670455984
D385R,0.652166319
D385S,0.652166319
D385V,0.319874469
D385Y,-1.268417944
L386F,-0.756610481
L386K,0.139504851
L386M,-3.577605427
L386Q,1.080182497
L386S,-0.20950197
L386T,0.652166319
L386V,0.289890248
Y387C,0.31484301
Y387D,-0.116761571
Y387H,-0.5520604960000001
Y387L,1.080182497
Y387N,-1.706906551
Y387R,0.652166319
Y387S,-3.287376793
E388A,-0.45600815
E388D,-3.0302960160000003
E388F,-2.472504022
E388G,-0.553388827
E388K,-0.7968113459999999
E388L,0.510839629
E388M,-1.676044272
E388R,0.652166319
E388V,-0.546967086
E388W,0.3700745170000001
E388Y,-0.758516902
P389A,-0.455987758
P389F,0.49473412
P389H,-3.334650632
P389I,1.080182497
P389K,0.439922735
P389L,-0.543397494
P389S,-0.442235993
P389T,-2.272234381
P389Y,0.652166319
I390A,1.080182497
I390F,0.469581889
I390L,-0.177526936
I390M,-0.30464351
I390N,-1.314864148
I390S,-1.762108476
I390T,-0.601950008
I390V,-0.197364287
I390Y,0.652166319
D391A,0.644932666
D391C,0.652166319
D391E,-1.822465002
D391G,-0.465229498
D391N,-0.484637424
D391Y,-2.257250999
D392A,-1.087522183
D392C,0.387035318
D392E,0.2173033
D392F,0.231139559
D392G,-0.0855501819999999
D392H,0.548874741
D392I,0.062380688
D392N,-0.371088696
D392S,-1.7158025
D392V,0.183208176
D392Y,-1.402771219
G393A,0.078400388
G393C,-1.319196567
G393D,-1.1594128
G393E,-0.040980861
G393I,1.080182497
G393N,-2.3507500180000003
G393R,-0.181033749
G393S,-0.636919627
G393V,-0.61457138
G393W,-1.563750199
G393Y,-2.190891185
C394A,-1.366811272
C394D,1.080182497
C394E,-1.985547228
C394F,0.048175026
C394G,0.277406283
C394H,-0.617190211
C394I,-3.146138259
C394K,0.465191589
C394L,0.203611139
C394N,0.442016287
C394P,-1.803047813
C394R,0.072013819
C394S,-0.0664309679999999
C394T,0.384736134
C394V,-1.575468394
C394W,-0.6781121090000001
C394Y,-0.420159134
E395A,-0.98747342
E395D,-0.922247548
E395G,-0.289389711
E395K,-1.221394757
E395Q,0.458420225
E395R,0.387035318
E395S,0.53088803
E395V,0.457028417
S396D,0.49473412
S396G,-0.345074115
S396I,-1.485098889
S396N,-0.208177909
S396R,-1.069938099
S396T,0.114980859
S396V,-0.306111862
Q397D,0.050093065
Q397G,-2.59697237
Q397H,-0.587886621
Q397K,-5.221279915
Q397L,-0.509837339
Q397P,-1.578506283
Q397R,-0.156278975
Q397Y,1.080182497
V398A,-0.326354153
V398F,1.080182497
V398G,-0.406692957
V398I,0.652166319
V398L,-0.844505559
V398M,-0.067269009
F399C,-2.019894881
F399D,-2.490083652
F399I,-1.59294174
F399L,-0.65357051
F399N,-1.847935865
F399P,-1.778478408
F399S,-1.697245017
F399V,-0.907791142
F399W,0.759865122
F399Y,0.498642189
C400D,-2.533682809
C400F,-0.3750567520000001
C400G,0.082077068
C400H,0.8434473709999999
C400I,-0.182307552
C400L,0.347856558
C400R,-1.210797372
C400S,-0.050494519
C400V,-0.383478688
C400W,-2.108745912
C400Y,-1.266496101
S401A,-0.96986056
S401C,0.034265349
S401D,-1.655440791
S401E,-1.37399374
S401F,-1.447165674
S401G,-1.77850144
S401H,-2.7125139810000003
S401K,-1.434639794
S401L,-1.598389967
S401N,-1.540610449
S401P,-0.339631122
S401Q,-0.288927182
S401R,-1.256680079
S401T,-2.423505877
S401V,-0.533710365
S401W,-2.067152772
S401Y,-2.316182287
C402F,-0.83452053
C402G,0.37607531
C402H,-0.189174033
C402I,0.346227009
C402L,-3.064966489
C402R,0.111588911
C402S,0.225797767
C402W,-1.404227132
C402Y,-0.399266027
S403A,0.103453377
S403C,-1.7134278719999998
S403F,-0.619765583
S403H,0.19853569
S403L,-0.594205211
S403P,-0.329085951
S403T,-0.21219612
S403Y,-3.974318464
Y404C,-0.1528832999999999
Y404D,-0.297380503
Y404F,-0.094572574
Y404H,-0.217353866
Y404L,-0.617190211
Y404N,0.386122726
Y404P,0.338578156
Y404R,-0.189174033
Y404S,-0.188221901
D405A,-1.026447399
D405C,0.3700745170000001
D405E,-1.7044481880000002
D405F,-2.875050504
D405G,-0.7125331570000001
D405H,-1.046943584
D405L,-1.24924194
D405N,-0.392863313
D405R,-1.91810901
D405S,0.652166319
D405V,-0.30445838
D405Y,-1.947897161
A406C,1.226640148
A406D,-1.460122713
A406E,1.064317902
A406G,-0.195499919
A406I,0.710087424
A406P,-0.120889329
A406R,1.064317902
A406S,-1.796071395
A406T,-0.237425955
A406V,-0.60071785
A406Y,0.533492968
T407A,-0.269906047
T407D,1.142189071
T407H,1.064317902
T407I,-0.695140981
T407N,-1.074947113
T407P,-2.100937932
T407S,0.243869114
T407V,1.226640148
T407Y,0.03756395
T408A,-0.248576675
T408E,0.533492968
T408H,-0.313380896
T408I,-0.7656448159999999
T408K,-5.405688179
T408M,-3.178854114
T408N,-1.059000625
T408P,-0.5858082920000001
T408Q,-1.721744404
T408R,-0.262157156
T408S,-0.517914242
H409C,0.12802786
H409D,0.338039995
H409E,-0.6904243240000001
H409I,-0.154922014
H409L,-3.202933457
H409N,-0.473504578
H409P,-0.530152516
H409Q,-3.447561207
H409R,-0.981708491
H409S,-3.440396562
H409Y,-1.4629694780000002
F410A,1.226640148
F410G,-3.3978251530000003
F410H,1.064317902
F410I,-0.7795505540000001
F410L,-0.1300866259999999
F410S,-0.862158882
F410V,-0.434132329
F410W,-3.281829863
F410Y,-1.246058075
E411A,-0.456728854
E411D,-1.53793516
E411G,-0.192733349
E411K,-1.299302415
E411Q,0.30596289
E411W,0.764089468
T412A,-0.283971246
T412C,1.226640148
T412E,0.764089468
T412G,-2.197716383
T412H,-0.72240006
T412I,0.023783184
T412K,-4.743371172
T412L,0.013782589
T412M,-0.67846226
T412N,0.11387615
T412P,0.315622805
T412Q,-2.991326107
T412R,0.002081466
T412S,-2.250990123
T412V,-0.398663468
T412W,-0.508731956
T412Y,-2.396694146
T413A,0.142565226
T413D,-1.329128433
T413I,-1.056992738
T413K,1.226640148
T413M,1.226640148
T413N,-1.195663903
T413P,-1.724372965
T413R,-1.75731833
T413S,-1.6104961219999998
T413V,0.37117072
C414F,0.053345547
C414G,-0.648968735
C414H,0.03756395
C414I,0.343289224
C414L,0.20161154
C414R,-1.277542327
C414S,0.214300155
C414V,1.226640148
C414W,-1.517034314
C414Y,-0.95701914
N415A,1.226640148
N415C,0.5973835
N415D,-0.104301187
N415G,-0.779727691
N415H,-0.087737564
N415K,-0.6997389829999999
N415S,-0.204408797
N415T,-0.223963818
N415Y,-1.025383129
D416A,-0.384267574
D416C,-0.124758296
D416E,0.07466851
D416G,0.018015085
D416H,0.450652185
D416N,0.097041375
D416S,1.226640148
D416V,0.050435339
D416Y,-1.565890076
I417F,-0.164722738
I417L,0.319294422
I417M,-1.812553633
I417S,-0.266738449
I417T,-0.471136088
I417V,-0.13064425
K418A,-0.321976459
K418D,-0.97924477
K418E,-0.096530654
K418F,0.428605745
K418G,0.3940562520000001
K418H,-0.972109725
K418I,-0.142751125
K418L,-1.757584814
K418M,-1.3834765080000002
K418N,-0.098575106
K418P,-1.475289642
K418Q,-0.240890807
K418R,-0.158982509
K418S,-1.164639791
K418T,0.520376807
K418V,0.218337794
K418W,-2.030199796
K418Y,0.068379396
D419A,0.042918056
D419C,-1.118133912
D419E,-4.4704655
D419F,1.064317902
D419G,-0.120803281
D419H,0.113142667
D419N,0.259113964
D419Q,-0.8667752559999999
D419R,-0.232023595
D419T,-0.220723577
D419V,-0.356715736
D419Y,-2.17317202
I420G,-1.539910065
I420K,1.064317902
I420L,0.242222813
I420M,0.315942824
I420N,-1.146635782
I420R,1.226640148
I420S,-1.958624792
I420T,-0.486232832
I420V,-0.123305905
Y421A,-1.037092254
Y421C,-0.112436204
Y421D,-0.1600406409999999
Y421F,-1.881129121
Y421H,-0.181408395
Y421K,0.433909844
Y421L,-0.7127047940000001
Y421M,-1.606457505
Y421N,-1.344575039
Y421P,-1.760141899
Y421Q,-0.698700003
Y421R,0.207114944
Y421S,0.490832174
Y421T,-0.405896379
Y421V,0.340886257
Y421W,-0.516599537
K422A,0.6671787570000001
K422D,0.533492968
K422E,0.057831734
K422G,1.064317902
K422L,-2.360064562
K422M,0.275708555
K422N,-0.250289661
K422P,-0.122076544
K422Q,0.487544488
K422R,-0.091987031
K422S,1.064317902
K422T,-0.669461556
K422Y,1.142189071
R423C,-0.053523781
R423H,-0.355402096
R423L,-0.219055936
R423P,-3.53749955
R423S,-3.589596632
M424E,1.064317902
M424G,-1.253233928
M424I,-0.272995524
M424K,-1.087078608
M424L,-0.199107708
M424N,1.064317902
M424R,-1.587791791
M424T,-0.00959892
M424V,-0.107069984
A425D,-1.861150595
A425E,0.533492968
A425F,1.064317902
A425G,-0.007273606
A425I,0.03756395
A425P,-0.967870851
A425S,-0.432704774
A425T,0.176778747
A425V,-0.301515147
G426A,-1.3630436680000002
G426C,-0.522038294
G426D,0.0522844559999999
G426H,1.064317902
G426I,0.533492968
G426N,1.226640148
G426R,-0.921289749
G426S,-0.05836117
G426V,-0.366391773
G426Y,0.12802786
T427A,-0.069170772
T427D,0.37117072
T427E,1.142189071
T427F,-0.014368625
T427G,-1.199209215
T427H,-0.257798662
T427I,-0.232350325
T427K,-1.368866177
T427L,0.575076742
T427M,-0.238711388
T427N,0.673625557
T427P,0.032320771
T427Q,-2.23505709
T427R,-0.704873078
T427S,-0.86878405
T427V,-0.7192700009999999
A428D,-5.508755358999999
A428G,1.221201885
A428P,0.595177472
A428S,-0.687409142
A428T,-0.094240829
A428V,0.162376412
A428Y,0.533492968
F429A,-2.9022002010000003
F429C,-0.4335464670000001
F429D,-1.846772081
F429G,0.241607969
F429I,-0.707809097
F429L,0.063979089
F429M,-2.333813382
F429R,1.036436404
F429S,-0.742443867
F429V,0.008389983
F429W,-0.213089594
F429Y,0.394630609
D430C,0.016940243
D430E,-2.557662879
D430F,-1.181746143
D430G,-0.161492638
D430H,-3.2848161730000003
D430N,-0.986463438
D430S,-0.046887127
D430Y,-3.313186604
F431A,-1.731806735
F431C,-2.476652771
F431D,-1.358991924
F431E,-0.290028605
F431G,-1.948376623
F431H,-0.913367643
F431K,0.305874418
F431L,-0.086123434
F431M,0.852095268
F431N,-1.514712921
F431P,-0.701378543
F431R,0.701960425
F431S,-0.399967821
F431T,-1.244058114
F431V,-1.060083682
F431Y,-1.897014696
E432A,0.037256024
E432C,-0.719393882
E432D,-1.239700035
E432F,-0.244105291
E432G,-0.18060939
E432H,-1.504930252
E432I,0.425960212
E432K,-0.377638626
E432L,-0.5263077660000001
E432M,0.8334487359999999
E432N,0.717254333
E432P,-0.553849065
E432Q,-1.676695146
E432R,0.501122549
E432S,0.085500351
E432T,-0.022788012
E432W,0.088293694
E432Y,-1.273823127
N433D,-0.053418138
N433E,0.459149811
N433G,0.128519194
N433H,-1.929553957
N433I,0.353631161
N433K,-1.230389598
N433L,1.093059466
N433P,-0.018285313
N433Q,0.37117072
N433R,-1.912526693
N433S,0.027363613
N433T,0.096274751
N433V,0.348562302
N433Y,-0.88857562
M434F,0.093483773
M434I,-0.529436372
M434K,-0.7429907659999999
M434L,0.328978976
M434N,-0.008502679
M434R,-2.370021277
M434T,-0.295964294
M434V,-0.189283344
M434Y,0.046329031
K435A,0.66461569
K435D,0.043576782
K435E,-0.56679471
K435G,1.43605579
K435L,0.410156815
K435M,0.200145536
K435N,-0.61819039
K435P,0.755181216
K435Q,0.215640612
K435R,-0.022198439
K435S,0.37117072
K435T,-0.287519343
R436A,-1.467421668
R436C,-1.00840822
R436D,1.142189071
R436F,1.226640148
R436G,-1.5216263819999998
R436H,-0.509591964
R436L,-0.397445023
R436P,-0.715428825
R436Q,0.710087425
R436S,-5.132969776
R436V,-0.5406206579999999
R436W,1.226640148
R436Y,-0.334522822
K437E,-0.152816969
K437I,-2.8486467330000003
K437L,0.195490797
K437N,-0.529239183
K437Q,0.1731979669999999
K437R,-0.055001345
K437T,0.318386799
Q438E,1.05414781
Q438H,-0.889269014
Q438K,-4.224519311
Q438L,-1.54261801
Q438P,-0.12779276
Q438R,-0.31889775
Q438Y,0.12802786
N439D,-0.135601332
N439E,1.064317902
N439F,0.609319646
N439G,-1.7897639419999998
N439H,-1.394694679
N439K,-0.568818035
N439L,0.385514181
N439M,1.226640148
N439Q,-2.122958724
N439R,0.44904189
N439S,-0.13029159
N439T,-0.095410403
D440A,-0.6988211320000001
D440E,-0.961211777
D440F,1.226640148
D440G,-0.183893366
D440H,0.312703197
D440L,-0.366065292
D440N,0.052043901
D440P,-0.406671974
D440Q,-1.118133912
D440R,-1.9751299
D440S,-0.281527572
D440T,-0.487434142
D440V,-2.623934076
D440Y,-1.154944466
V441A,0.009711812
V441F,-0.036547717
V441G,-2.0494237440000003
V441I,-0.404214423
V441L,-0.523514355
V441R,-0.063176097
V441T,-0.006672885
V441Y,1.064317902
F442C,0.276288576
F442H,1.226640148
F442K,0.345036639
F442L,-0.272046683
F442M,0.732889793
F442N,0.557861013
F442P,-0.098937401
F442S,0.0792330109999999
F442V,0.249496303
G443A,0.226786806
G443D,0.557123256
G443E,-0.207495132
G443L,1.250270436
G443P,-0.348039916
G443R,-0.181432045
G443V,-0.628111519
G443W,0.151658148
E444A,-0.7342495440000001
E444D,-0.124378802
E444G,0.038789482
E444I,1.320770833
E444K,-0.041938661
E444L,-2.181960697
E444N,-2.9370367410000005
E444Q,-2.82128963
E444R,0.557123256
E444V,-0.707425779
E444Y,-2.148683246
A445C,0.971086544
A445D,-1.136832339
A445E,0.767679782
A445F,-0.055944858
A445G,0.175333671
A445H,0.060294735
A445I,-0.476394288
A445L,-2.39523789
A445P,0.3854676420000001
A445Q,-0.801977504
A445R,0.121368063
A445S,-0.084965835
A445T,-0.457980235
A445V,-0.059682081
A445W,1.250270436
A445Y,-0.016088932
E446A,0.188915606
E446D,-0.611527599
E446G,-0.098913966
E446K,-0.214195659
E446Q,0.462589028
E446V,-1.41836656
E446W,1.250270436
E446Y,1.250270436
Q447E,-0.668040659
Q447G,0.493240304
Q447H,-0.721207093
Q447K,-4.933569199
Q447L,-2.259958536
Q447P,-0.100391776
Q447R,0.1145116
Q447W,1.250270436
